FileName,NB_whistle_mean_time,nbVolume
LC_ARU1_20240707_062500.wav,97.18,-5.54
LC_ARU1_20240707_062500.wav,107.58,-5.59
LC_ARU1_20240707_062500.wav,118.35,-5.07
LC_ARU1_20240707_062500.wav,129.13,-5.58
LC_ARU1_20240707_062500.wav,142.32,-5.52
LC_ARU1_20240707_062500.wav,157.18,-5.33
LC_ARU1_20240707_062500.wav,171.29,-5.43
LC_ARU1_20240707_062500.wav,182.81,-5.14
LC_ARU1_20240707_062500.wav,206.77,-6.24
LC_ARU1_20240707_062500.wav,219.78,-5.44
LC_ARU1_20240707_062500.wav,247.83,-5.27
LC_ARU1_20240707_062500.wav,291.11,-5.43
LC_ARU1_20240707_062500.wav,316.93,-4.84
LC_ARU1_20240707_062500.wav,329.38,-5.89
LC_ARU1_20240707_062500.wav,342.38,-5.66
LC_ARU1_20240707_062500.wav,364.48,-5.67
LC_ARU1_20240707_062500.wav,592.78,-5.22
LC_ARU2_20240629_062500.wav,49.62,-5.19
LC_ARU2_20240629_062500.wav,124.11,-4.44
LC_ARU2_20240629_062500.wav,966.9,-5.27
LC_ARU2_20240629_062500.wav,1070.56,-5.49
LC_ARU2_20240629_062500.wav,1676.13,-5.67
LC_ARU1_20240629_062500.wav,324.92,-6.12
LC_ARU1_20240629_062500.wav,584.24,-5.27
LC_ARU2_20240625_062500.wav,443.43,-5.69
LC_ARU2_20240625_062500.wav,506.22,-5.66
LC_ARU2_20240625_062500.wav,1729.26,-5.31
LC_ARU2_20240625_062500.wav,1773.47,-6.21
LC_ARU1_20240703_062500.wav,1578.61,-4.77
LC_ARU1_20240703_062500.wav,1635.27,-4.75
LC_ARU1_20240703_062500.wav,1657.18,-4.63
LC_ARU1_20240703_062500.wav,1672.23,-5.03
LC_ARU1_20240703_062500.wav,1686.72,-4.76
LC_ARU1_20240703_062500.wav,1711.24,-4.72
LC_ARU1_20240703_062500.wav,1746.16,-4.72
LC_ARU1_20240703_062500.wav,1760.28,-4.92
LC_ARU1_20240703_062500.wav,1777,-5.17
LC_ARU1_20240703_062500.wav,1790.56,-4.8
LC_ARU1_20240625_062500.wav,164.42,-5.38
LC_ARU1_20240625_062500.wav,243,-5.23
LC_ARU1_20240625_062500.wav,256.37,-5.24
LC_ARU1_20240625_062500.wav,269.19,-5.19
LC_ARU1_20240625_062500.wav,284.61,-5.13
LC_ARU1_20240625_062500.wav,299.1,-5.22
LC_ARU1_20240625_062500.wav,319.16,-6.38
LC_ARU1_20240625_062500.wav,336.99,-5.52
LC_ARU1_20240625_062500.wav,369.87,-5.48
LC_ARU1_20240625_062500.wav,386.59,-5.82
LC_ARU1_20240625_062500.wav,400.15,-5.55
LC_ARU1_20240625_062500.wav,419.1,-5.21
LC_ARU1_20240625_062500.wav,434.7,-5.53
LC_ARU1_20240625_062500.wav,491.17,-5.3
LC_ARU1_20240625_062500.wav,506.78,-5.45
LC_ARU1_20240625_062500.wav,527.39,-5.62
LC_ARU1_20240625_062500.wav,542.81,-5.46
LC_ARU1_20240625_062500.wav,558.23,-5.41
LC_ARU1_20240625_062500.wav,575.14,-5.27
LC_ARU1_20240625_062500.wav,593.53,-5.25
LC_ARU1_20240625_062500.wav,607.09,-5.28
LC_ARU1_20240625_062500.wav,628.26,-5.32
LC_ARU1_20240625_062500.wav,660.77,-5.24
LC_ARU1_20240625_062500.wav,692.54,-5.23
LC_ARU1_20240625_062500.wav,709.07,-5.18
LC_ARU1_20240625_062500.wav,723.37,-5.13
LC_ARU1_20240625_062500.wav,758.29,-5.25
LC_ARU1_20240625_062500.wav,858.42,-5.34
LC_ARU1_20240625_062500.wav,882.57,-5.15
LC_ARU1_20240625_062500.wav,897.61,-5.38
LC_ARU1_20240625_062500.wav,987.89,-6.21
LC_ARU1_20240625_062500.wav,1014.09,-5.74
LC_ARU1_20240625_062500.wav,1020.77,-5.52
LC_ARU1_20240625_062500.wav,1027.83,-5.69
LC_ARU1_20240625_062500.wav,1051.24,-5.45
LC_ARU1_20240625_062500.wav,1220.46,-5.5
LC_ARU1_20240625_062500.wav,1247.4,-5.86
LC_ARU1_20240625_062500.wav,1268.39,-5.89
LC_ARU1_20240625_062500.wav,1295.33,-5.46
LC_ARU1_20240625_062500.wav,1308.89,-5.01
LC_ARU1_20240625_062500.wav,1409.2,-5.75
LC_ARU1_20240625_062500.wav,1438.36,-5.79
LC_ARU1_20240625_062500.wav,1445.23,-5.88
LC_ARU1_20240625_062500.wav,1484.24,-5.68
LC_ARU1_20240625_062500.wav,1588.27,-5.71
LC_ARU1_20240625_062500.wav,1616.88,-5.86
LC_ARU1_20240625_062500.wav,1650.87,-5.83
LC_ARU1_20240625_062500.wav,1787.59,-5.94
LC_ARU2_20240707_062500.wav,366.71,-4.43
LC_ARU2_20240707_062500.wav,469.25,-4.34
LC_ARU2_20240707_062500.wav,671.36,-4.26
LC_ARU2_20240707_062500.wav,881.82,-4.79
LC_ARU2_20240707_062500.wav,958.36,-4.36
LC_ARU2_20240707_062500.wav,1061.64,-4.34
LC_ARU2_20240707_062500.wav,1332.66,-4.59
LC_ARU2_20240707_062500.wav,1349.57,-4.58
LC_ARU2_20240707_062500.wav,1384.49,-4.34
LC_ARU2_20240707_062500.wav,1697.31,-3.98
LC_ARU2_20240707_062500.wav,1731.3,-4.4
LC_ARU2_20240707_062500.wav,1797.62,-4.79
LC_ARU2_20240703_062500.wav,6.52,-4.99
LC_ARU2_20240703_062500.wav,56.87,-4.99
LC_ARU2_20240703_062500.wav,229.62,-5.09
LC_ARU2_20240703_062500.wav,458.11,-4.47
LC_ARU2_20240703_062500.wav,503.62,-4.64
LC_ARU2_20240703_062500.wav,637.36,-5.18
LC_ARU2_20240703_062500.wav,765.54,-5.19
LC_ARU2_20240703_062500.wav,848.02,-5.31
LC_ARU2_20240703_062500.wav,854.89,-5.48
LC_ARU2_20240703_062500.wav,927.71,-6.03
LC_ARU2_20240703_062500.wav,937.55,-5.26
LC_ARU2_20240703_062500.wav,1027.83,-5.11
LC_ARU2_20240703_062500.wav,1623.01,-5.22
LC_ARU3_20240707_062500.wav,972.29,-5.49
LC_ARU3_20240707_062500.wav,1744.31,-5.58
LC_ARU3_20240703_062500.wav,1359.6,-5.6
LC_ARU3_20240703_062500.wav,1696.57,-5.96
LC_ARU4_20240625_062500.wav,10.24,-3.67
LC_ARU4_20240625_062500.wav,18.97,-3.89
LC_ARU4_20240625_062500.wav,35.13,-3.58
LC_ARU4_20240625_062500.wav,50.55,-3.55
LC_ARU4_20240625_062500.wav,63.18,-3.49
LC_ARU4_20240625_062500.wav,77.67,-3.5
LC_ARU4_20240625_062500.wav,88.44,-3.43
LC_ARU4_20240625_062500.wav,94.57,-4.73
LC_ARU4_20240625_062500.wav,102.93,-3.54
LC_ARU4_20240625_062500.wav,111.48,-5.35
LC_ARU4_20240625_062500.wav,116.12,-3.54
LC_ARU4_20240625_062500.wav,146.59,-3.63
LC_ARU4_20240625_062500.wav,172.41,-3.98
LC_ARU4_20240625_062500.wav,181.7,-3.99
LC_ARU4_20240625_062500.wav,202.69,-3.67
LC_ARU4_20240625_062500.wav,214.95,-3.65
LC_ARU4_20240625_062500.wav,220.33,-3.89
LC_ARU4_20240625_062500.wav,228.32,-3.78
LC_ARU4_20240625_062500.wav,242.07,-3.71
LC_ARU4_20240625_062500.wav,246.9,-4
LC_ARU4_20240625_062500.wav,260.46,-4.05
LC_ARU4_20240625_062500.wav,269.75,-3.82
LC_ARU4_20240625_062500.wav,279.78,-4.86
LC_ARU4_20240625_062500.wav,287.58,-3.83
LC_ARU4_20240625_062500.wav,296.68,-4.9
LC_ARU4_20240625_062500.wav,301.14,-3.89
LC_ARU4_20240625_062500.wav,314.89,-5.09
LC_ARU4_20240625_062500.wav,329.75,-3.96
LC_ARU4_20240625_062500.wav,336.06,-4.88
LC_ARU4_20240625_062500.wav,348.14,-4.06
LC_ARU4_20240625_062500.wav,364.11,-4.02
LC_ARU4_20240625_062500.wav,370.06,-4.08
LC_ARU4_20240625_062500.wav,381.76,-4.16
LC_ARU4_20240625_062500.wav,388.63,-3.97
LC_ARU4_20240625_062500.wav,394.39,-4.16
LC_ARU4_20240625_062500.wav,405.54,-3.94
LC_ARU4_20240625_062500.wav,446.22,-3.88
LC_ARU4_20240625_062500.wav,635.32,-5.26
LC_ARU4_20240625_062500.wav,662.26,-5.01
LC_ARU4_20240625_062500.wav,891.3,-4.86
LC_ARU4_20240625_062500.wav,901.51,-5.88
LC_ARU4_20240625_062500.wav,927.15,-4.7
LC_ARU4_20240625_062500.wav,931.24,-5.76
LC_ARU4_20240625_062500.wav,964.49,-4.38
LC_ARU4_20240625_062500.wav,980.65,-4.5
LC_ARU4_20240625_062500.wav,989.75,-4.47
LC_ARU4_20240625_062500.wav,998.11,-4.69
LC_ARU4_20240625_062500.wav,1007.58,-4.58
LC_ARU4_20240625_062500.wav,1052.54,-4.41
LC_ARU4_20240625_062500.wav,1069.44,-4.7
LC_ARU4_20240625_062500.wav,1410.12,-5.19
LC_ARU4_20240625_062500.wav,1457.31,-5.68
LC_ARU4_20240629_062500.wav,9.87,-3.99
LC_ARU4_20240629_062500.wav,23.43,-3.88
LC_ARU4_20240629_062500.wav,111.48,-3.76
LC_ARU4_20240629_062500.wav,133.96,-5.52
LC_ARU4_20240629_062500.wav,202.87,-3.75
LC_ARU4_20240629_062500.wav,313.21,-4.04
LC_ARU4_20240629_062500.wav,357.42,-4.01
LC_ARU4_20240629_062500.wav,387.7,-4.22
LC_ARU4_20240629_062500.wav,398.85,-3.88
LC_ARU4_20240629_062500.wav,524.98,-3.76
LC_ARU4_20240629_062500.wav,576.44,-4.24
LC_ARU4_20240629_062500.wav,609.13,-4.12
LC_ARU4_20240629_062500.wav,641.27,-4.67
LC_ARU4_20240629_062500.wav,1346.41,-4.66
LC_ARU4_20240703_062500.wav,165.54,-5.08
LC_ARU4_20240703_062500.wav,551.73,-4.84
LC_ARU4_20240703_062500.wav,947.4,-6.17
LC_ARU4_20240703_062500.wav,1275.63,-4.66
LC_ARU4_20240707_062500.wav,37.73,-4.26
LC_ARU4_20240707_062500.wav,45.91,-4.75
LC_ARU4_20240707_062500.wav,63,-4.62
LC_ARU4_20240707_062500.wav,89.56,-4.18
LC_ARU4_20240707_062500.wav,107.76,-4.29
LC_ARU4_20240707_062500.wav,124.3,-4.93
LC_ARU4_20240707_062500.wav,133.77,-4.02
LC_ARU4_20240707_062500.wav,147.14,-4.19
LC_ARU4_20240707_062500.wav,161.45,-4.24
LC_ARU4_20240707_062500.wav,208.26,-4.42
LC_ARU4_20240707_062500.wav,228.32,-4.95
LC_ARU4_20240707_062500.wav,245.78,-4.72
LC_ARU4_20240707_062500.wav,278.66,-4.82
LC_ARU4_20240707_062500.wav,286.84,-4.68
LC_ARU4_20240707_062500.wav,305.23,-4.64
LC_ARU4_20240707_062500.wav,319.16,-4.67
LC_ARU4_20240707_062500.wav,333.09,-4.63
LC_ARU4_20240707_062500.wav,344.98,-4.62
LC_ARU4_20240707_062500.wav,368.2,-3.31
LC_ARU4_20240707_062500.wav,376.37,-3.22
LC_ARU4_20240707_062500.wav,386.59,-3.41
LC_ARU4_20240707_062500.wav,394.95,-3.35
LC_ARU4_20240707_062500.wav,426.16,-3.34
LC_ARU4_20240707_062500.wav,434.33,-3.31
LC_ARU4_20240707_062500.wav,451.23,-3.31
LC_ARU4_20240707_062500.wav,463.68,-3.33
LC_ARU4_20240707_062500.wav,475.2,-3.38
LC_ARU4_20240707_062500.wav,485.97,-3.31
LC_ARU4_20240707_062500.wav,495.44,-3.35
LC_ARU4_20240707_062500.wav,515.69,-4.27
LC_ARU4_20240707_062500.wav,529.25,-3.28
LC_ARU4_20240707_062500.wav,546.16,-4.75
LC_ARU4_20240707_062500.wav,552.47,-3.24
LC_ARU4_20240707_062500.wav,558.6,-4.54
LC_ARU4_20240707_062500.wav,562.13,-3.42
LC_ARU4_20240707_062500.wav,573.28,-3.19
LC_ARU4_20240707_062500.wav,578.66,-4.75
LC_ARU4_20240707_062500.wav,585.17,-3.31
LC_ARU4_20240707_062500.wav,595.75,-3.21
LC_ARU4_20240707_062500.wav,621.02,-3.34
LC_ARU4_20240707_062500.wav,630.49,-3.33
LC_ARU4_20240707_062500.wav,643.31,-4.86
LC_ARU4_20240707_062500.wav,654.27,-3.26
LC_ARU4_20240707_062500.wav,685.29,-3.3
LC_ARU4_20240707_062500.wav,697.74,-3.42
LC_ARU4_20240707_062500.wav,715.38,-3.34
LC_ARU4_20240707_062500.wav,759.41,-3.23
LC_ARU4_20240707_062500.wav,774.08,-3.36
LC_ARU4_20240707_062500.wav,787.64,-3.23
LC_ARU4_20240707_062500.wav,796.56,-4.24
LC_ARU4_20240707_062500.wav,809.75,-3.26
LC_ARU4_20240707_062500.wav,819.59,-3.42
LC_ARU4_20240707_062500.wav,839.1,-3.46
LC_ARU4_20240707_062500.wav,861.2,-3.3
LC_ARU4_20240707_062500.wav,876.81,-3.45
LC_ARU4_20240707_062500.wav,899.1,-3.46
LC_ARU4_20240707_062500.wav,934.39,-3.41
LC_ARU4_20240707_062500.wav,948.7,-3.32
LC_ARU4_20240707_062500.wav,965.6,-3.45
LC_ARU4_20240707_062500.wav,978.42,-3.41
LC_ARU4_20240707_062500.wav,1004.43,-3.31
LC_ARU4_20240707_062500.wav,1045.29,-3.56
LC_ARU4_20240707_062500.wav,1059.04,-3.24
LC_ARU4_20240707_062500.wav,1072.04,-3.35
LC_ARU4_20240707_062500.wav,1092.29,-4.57
LC_ARU4_20240707_062500.wav,1125.73,-3.22
LC_ARU4_20240707_062500.wav,1140.4,-3.64
LC_ARU4_20240707_062500.wav,1154.15,-3.21
LC_ARU4_20240707_062500.wav,1159.72,-4.63
LC_ARU4_20240707_062500.wav,1193.16,-3.44
LC_ARU4_20240707_062500.wav,1205.79,-5.03
LC_ARU4_20240707_062500.wav,1208.95,-3.48
LC_ARU4_20240707_062500.wav,1263.93,-3.43
LC_ARU4_20240707_062500.wav,1277.12,-3.4
LC_ARU4_20240707_062500.wav,1290.31,-3.36
LC_ARU4_20240707_062500.wav,1304.43,-3.39
LC_ARU4_20240707_062500.wav,1317.06,-3.4
LC_ARU4_20240707_062500.wav,1347.52,-3.33
LC_ARU4_20240707_062500.wav,1363.31,-3.31
LC_ARU4_20240707_062500.wav,1380.22,-3.3
LC_ARU4_20240707_062500.wav,1392.85,-3.34
LC_ARU4_20240707_062500.wav,1427.96,-3.3
LC_ARU4_20240707_062500.wav,1444.12,-3.49
LC_ARU4_20240707_062500.wav,1466.22,-3.33
LC_ARU4_20240707_062500.wav,1478.3,-3.79
LC_ARU4_20240707_062500.wav,1490.74,-3.31
LC_ARU4_20240707_062500.wav,1505.79,-3.46
LC_ARU4_20240707_062500.wav,1518.05,-3.46
LC_ARU4_20240707_062500.wav,1522.88,-5.32
LC_ARU4_20240707_062500.wav,1529.75,-3.34
LC_ARU4_20240707_062500.wav,1544.8,-3.31
LC_ARU4_20240707_062500.wav,1559.29,-3.55
LC_ARU4_20240707_062500.wav,1569.88,-3.16
LC_ARU4_20240707_062500.wav,1597.18,-3.18
LC_ARU4_20240707_062500.wav,1610,-3.31
LC_ARU4_20240707_062500.wav,1622.08,-3.47
LC_ARU4_20240707_062500.wav,1639.17,-3.39
LC_ARU4_20240707_062500.wav,1652.54,-3.17
LC_ARU4_20240707_062500.wav,1664.43,-3.6
LC_ARU4_20240707_062500.wav,1683.75,-3.35
LC_ARU4_20240707_062500.wav,1736.88,-3.44
LC_ARU5_20240625_062500.wav,6.9,-3.26
LC_ARU5_20240625_062500.wav,22.13,-3.3
LC_ARU5_20240625_062500.wav,94.2,-4.46
LC_ARU5_20240625_062500.wav,104.98,-4.26
LC_ARU5_20240625_062500.wav,115.57,-4.28
LC_ARU5_20240625_062500.wav,126.53,-4.21
LC_ARU5_20240625_062500.wav,138.23,-4.38
LC_ARU5_20240625_062500.wav,179.84,-4.12
LC_ARU5_20240625_062500.wav,195.07,-4.35
LC_ARU5_20240625_062500.wav,210.3,-4.26
LC_ARU5_20240625_062500.wav,224.24,-4.21
LC_ARU5_20240625_062500.wav,245.97,-4.38
LC_ARU5_20240625_062500.wav,271.6,-4.31
LC_ARU5_20240625_062500.wav,290.55,-4.29
LC_ARU5_20240625_062500.wav,315.81,-4.45
LC_ARU5_20240625_062500.wav,342.94,-4.64
LC_ARU5_20240625_062500.wav,509,-5.62
LC_ARU5_20240625_062500.wav,971.17,-5.14
LC_ARU5_20240625_062500.wav,986.41,-5.2
LC_ARU5_20240625_062500.wav,1018.73,-4.86
LC_ARU5_20240625_062500.wav,1042.32,-5.05
LC_ARU5_20240625_062500.wav,1095.45,-4.77
LC_ARU5_20240625_062500.wav,1103.44,-5.41
LC_ARU5_20240625_062500.wav,1221.76,-5.17
LC_ARU5_20240625_062500.wav,1249.81,-5.56
LC_ARU5_20240625_062500.wav,1263.19,-5.52
LC_ARU5_20240625_062500.wav,1271.92,-5.07
LC_ARU5_20240625_062500.wav,1305.54,-5.13
LC_ARU5_20240625_062500.wav,1332.29,-5.01
LC_ARU5_20240625_062500.wav,1360.9,-5.11
LC_ARU5_20240625_062500.wav,1409.57,-4.76
LC_ARU5_20240625_062500.wav,1422.01,-4.88
LC_ARU5_20240625_062500.wav,1436.87,-5.13
LC_ARU5_20240625_062500.wav,1502.26,-5.1
LC_ARU5_20240625_062500.wav,1532.35,-4.98
LC_ARU5_20240625_062500.wav,1544.24,-4.73
LC_ARU5_20240625_062500.wav,1561.33,-4.88
LC_ARU5_20240625_062500.wav,1566.35,-5.34
LC_ARU5_20240625_062500.wav,1593.1,-4.43
LC_ARU5_20240625_062500.wav,1605.92,-4.67
LC_ARU5_20240625_062500.wav,1622.45,-4.84
LC_ARU5_20240625_062500.wav,1670.19,-4.83
LC_ARU5_20240625_062500.wav,1687.46,-5.04
LC_ARU5_20240625_062500.wav,1701.02,-5.63
LC_ARU5_20240629_062500.wav,42.56,-4.05
LC_ARU5_20240629_062500.wav,93.27,-4.56
LC_ARU5_20240629_062500.wav,99.03,-4.42
LC_ARU5_20240629_062500.wav,120.21,-4.18
LC_ARU5_20240629_062500.wav,432.29,-4.9
LC_ARU5_20240629_062500.wav,443.06,-4.9
LC_ARU5_20240629_062500.wav,600.58,-5.32
LC_ARU5_20240629_062500.wav,667.64,-4.94
LC_ARU5_20240629_062500.wav,685.66,-5.14
LC_ARU5_20240629_062500.wav,689.75,-5.18
LC_ARU5_20240629_062500.wav,815.88,-5.28
LC_ARU5_20240629_062500.wav,851.92,-5.25
LC_ARU5_20240629_062500.wav,1010,-5.3
LC_ARU5_20240629_062500.wav,1703.44,-5.35
LC_ARU5_20240629_062500.wav,1776.44,-5.44
LC_ARU5_20240703_062500.wav,10.98,-2.64
LC_ARU5_20240703_062500.wav,34.76,-2.53
LC_ARU5_20240703_062500.wav,44.23,-4.4
LC_ARU5_20240703_062500.wav,52.22,-2.66
LC_ARU5_20240703_062500.wav,64.48,-2.67
LC_ARU5_20240703_062500.wav,71.54,-3.41
LC_ARU5_20240703_062500.wav,77.3,-2.75
LC_ARU5_20240703_062500.wav,90.12,-4.62
LC_ARU5_20240703_062500.wav,96.25,-2.61
LC_ARU5_20240703_062500.wav,111.11,-2.71
LC_ARU5_20240703_062500.wav,118.91,-3.29
LC_ARU5_20240703_062500.wav,141.57,-3.44
LC_ARU5_20240703_062500.wav,152.72,-2.67
LC_ARU5_20240703_062500.wav,168.88,-2.69
LC_ARU5_20240703_062500.wav,173.89,-3.34
LC_ARU5_20240703_062500.wav,184.67,-2.83
LC_ARU5_20240703_062500.wav,193.03,-3.42
LC_ARU5_20240703_062500.wav,200.27,-2.69
LC_ARU5_20240703_062500.wav,210.86,-2.73
LC_ARU5_20240703_062500.wav,223.86,-2.64
LC_ARU5_20240703_062500.wav,237.61,-2.71
LC_ARU5_20240703_062500.wav,277.36,-2.63
LC_ARU5_20240703_062500.wav,289.62,-2.69
LC_ARU5_20240703_062500.wav,304.11,-2.69
LC_ARU5_20240703_062500.wav,318.6,-2.72
LC_ARU5_20240703_062500.wav,338.48,-2.59
LC_ARU5_20240703_062500.wav,376.93,-2.68
LC_ARU5_20240703_062500.wav,409.44,-2.74
LC_ARU5_20240703_062500.wav,465.91,-2.84
LC_ARU5_20240703_062500.wav,478.17,-2.7
LC_ARU5_20240703_062500.wav,486.16,-4.51
LC_ARU5_20240703_062500.wav,489.31,-4.34
LC_ARU5_20240703_062500.wav,493.03,-2.74
LC_ARU5_20240703_062500.wav,507.33,-2.6
LC_ARU5_20240703_062500.wav,533.71,-2.91
LC_ARU5_20240703_062500.wav,556.19,-4.28
LC_ARU5_20240703_062500.wav,565.85,-2.69
LC_ARU5_20240703_062500.wav,585.72,-2.71
LC_ARU5_20240703_062500.wav,602.63,-2.73
LC_ARU5_20240703_062500.wav,619.72,-4.64
LC_ARU5_20240703_062500.wav,661.88,-2.76
LC_ARU5_20240703_062500.wav,679.35,-2.81
LC_ARU5_20240703_062500.wav,683.8,-4.59
LC_ARU5_20240703_062500.wav,712.04,-5.15
LC_ARU5_20240703_062500.wav,721.14,-2.77
LC_ARU5_20240703_062500.wav,749.56,-2.61
LC_ARU5_20240703_062500.wav,777.43,-5.1
LC_ARU5_20240703_062500.wav,785.97,-4.51
LC_ARU5_20240703_062500.wav,792.1,-4.74
LC_ARU5_20240703_062500.wav,859.35,-2.82
LC_ARU5_20240703_062500.wav,893.16,-2.7
LC_ARU5_20240703_062500.wav,910.06,-2.76
LC_ARU5_20240703_062500.wav,921.95,-2.78
LC_ARU5_20240703_062500.wav,961.89,-2.76
LC_ARU5_20240703_062500.wav,971.92,-5.15
LC_ARU5_20240703_062500.wav,979.72,-2.77
LC_ARU5_20240703_062500.wav,997,-2.59
LC_ARU5_20240703_062500.wav,1009.07,-2.55
LC_ARU5_20240703_062500.wav,1025.6,-2.64
LC_ARU5_20240703_062500.wav,1039.35,-4.77
LC_ARU5_20240703_062500.wav,1051.98,-4.95
LC_ARU5_20240703_062500.wav,1060.9,-5.08
LC_ARU5_20240703_062500.wav,1080.59,-4.47
LC_ARU5_20240703_062500.wav,1089.13,-4.53
LC_ARU5_20240703_062500.wav,1097.31,-2.71
LC_ARU5_20240703_062500.wav,1111.98,-2.68
LC_ARU5_20240703_062500.wav,1153.96,-4.59
LC_ARU5_20240703_062500.wav,1161.58,-2.66
LC_ARU5_20240703_062500.wav,1169.38,-3.16
LC_ARU5_20240703_062500.wav,1183.5,-2.72
LC_ARU5_20240703_062500.wav,1190.19,-2.73
LC_ARU5_20240703_062500.wav,1199.47,-2.7
LC_ARU5_20240703_062500.wav,1220.09,-5.39
LC_ARU5_20240703_062500.wav,1229.57,-5.27
LC_ARU5_20240703_062500.wav,1235.51,-2.75
LC_ARU5_20240703_062500.wav,1241.08,-2.55
LC_ARU5_20240703_062500.wav,1249.81,-5.26
LC_ARU5_20240703_062500.wav,1252.79,-2.6
LC_ARU5_20240703_062500.wav,1255.76,-2.72
LC_ARU5_20240703_062500.wav,1263,-5.06
LC_ARU5_20240703_062500.wav,1266.72,-2.6
LC_ARU5_20240703_062500.wav,1269.88,-2.73
LC_ARU5_20240703_062500.wav,1280.46,-2.58
LC_ARU5_20240703_062500.wav,1286.59,-2.75
LC_ARU5_20240703_062500.wav,1290.68,-5.25
LC_ARU5_20240703_062500.wav,1298.11,-2.55
LC_ARU5_20240703_062500.wav,1303.13,-2.74
LC_ARU5_20240703_062500.wav,1320.22,-2.69
LC_ARU5_20240703_062500.wav,1335.82,-4.24
LC_ARU5_20240703_062500.wav,1341.95,-2.69
LC_ARU5_20240703_062500.wav,1348.08,-5.42
LC_ARU5_20240703_062500.wav,1352.54,-2.79
LC_ARU5_20240703_062500.wav,1359.6,-2.61
LC_ARU5_20240703_062500.wav,1361.83,-2.61
LC_ARU5_20240703_062500.wav,1365.54,-2.68
LC_ARU5_20240703_062500.wav,1379.85,-2.61
LC_ARU5_20240703_062500.wav,1392.48,-5.6
LC_ARU5_20240703_062500.wav,1395.82,-2.67
LC_ARU5_20240703_062500.wav,1401.02,-2.7
LC_ARU5_20240703_062500.wav,1411.61,-2.82
LC_ARU5_20240703_062500.wav,1417.93,-2.51
LC_ARU5_20240703_062500.wav,1438.36,-2.65
LC_ARU5_20240703_062500.wav,1452.11,-2.58
LC_ARU5_20240703_062500.wav,1466.6,-2.67
LC_ARU5_20240703_062500.wav,1481.64,-2.61
LC_ARU5_20240703_062500.wav,1495.76,-5.32
LC_ARU5_20240703_062500.wav,1503.19,-2.63
LC_ARU5_20240703_062500.wav,1525.11,-2.64
LC_ARU5_20240703_062500.wav,1542.01,-2.69
LC_ARU5_20240703_062500.wav,1559.66,-2.76
LC_ARU5_20240703_062500.wav,1575.82,-2.73
LC_ARU5_20240703_062500.wav,1616.88,-2.74
LC_ARU5_20240703_062500.wav,1642.14,-4.4
LC_ARU5_20240703_062500.wav,1657.56,-4.32
LC_ARU5_20240703_062500.wav,1665.36,-2.83
LC_ARU5_20240703_062500.wav,1672.05,-4.13
LC_ARU5_20240703_062500.wav,1688.76,-4.4
LC_ARU5_20240703_062500.wav,1718.86,-4.31
LC_ARU5_20240703_062500.wav,1735.95,-4.16
LC_ARU5_20240703_062500.wav,1753.78,-4.33
LC_ARU5_20240703_062500.wav,1769.76,-4.39
LC_ARU5_20240703_062500.wav,1788.33,-4.3
LC_ARU5_20240707_062500.wav,131.36,-4.55
LC_ARU5_20240707_062500.wav,142.13,-4.48
LC_ARU5_20240707_062500.wav,258.04,-4.32
LC_ARU5_20240707_062500.wav,429.13,-4.58
LC_ARU5_20240707_062500.wav,447.33,-4.42
LC_ARU5_20240707_062500.wav,544.3,-4.61
LC_ARU5_20240707_062500.wav,622.5,-4.82
LC_ARU5_20240707_062500.wav,690.86,-4.8
LC_ARU5_20240707_062500.wav,741.39,-4.73
LC_ARU5_20240707_062500.wav,759.59,-5.16
LC_ARU5_20240707_062500.wav,784.86,-4.84
LC_ARU5_20240707_062500.wav,796.75,-4.98
LC_ARU5_20240707_062500.wav,853.77,-5.46
LC_ARU5_20240707_062500.wav,857.68,-5.29
LC_ARU5_20240707_062500.wav,950.18,-4.88
LC_ARU5_20240707_062500.wav,975.82,-4.84
LC_ARU5_20240707_062500.wav,1019.66,-3.96
LC_ARU5_20240707_062500.wav,1077.61,-5.1
LC_ARU5_20240707_062500.wav,1192.23,-5.05
LC_ARU5_20240707_062500.wav,1241.27,-4.88
LC_ARU5_20240707_062500.wav,1260.4,-4.81
LC_ARU5_20240707_062500.wav,1274.15,-4.91
LC_ARU5_20240707_062500.wav,1296.63,-4.63
LC_ARU5_20240707_062500.wav,1412.35,-5.29
LC_ARU5_20240707_062500.wav,1446.72,-5.7
LC_ARU5_20240707_062500.wav,1478.48,-4.91
LC_ARU5_20240707_062500.wav,1607.59,-4.29
LC_ARU5_20240707_062500.wav,1694.89,-5.27
LC_ARU6_20240625_062500.wav,1253.9,-5.98
LC_ARU6_20240625_062500.wav,1559.85,-6.06
 LC_ARU7_20240625_062500.wav,48.51,-0.84
 LC_ARU7_20240625_062500.wav,64.3,-0.85
 LC_ARU7_20240625_062500.wav,98.48,-0.83
 LC_ARU7_20240625_062500.wav,113.34,-0.79
 LC_ARU7_20240625_062500.wav,203.06,-0.75
 LC_ARU7_20240625_062500.wav,218.85,-0.77
 LC_ARU7_20240625_062500.wav,390.49,-5.05
 LC_ARU7_20240625_062500.wav,716.5,-3.17
 LC_ARU7_20240625_062500.wav,723.74,-3
 LC_ARU7_20240625_062500.wav,738.42,-5.59
 LC_ARU7_20240625_062500.wav,743.25,-3.12
 LC_ARU7_20240625_062500.wav,754.76,-3.08
 LC_ARU7_20240625_062500.wav,763.12,-4.87
 LC_ARU7_20240625_062500.wav,767.21,-3.13
 LC_ARU7_20240625_062500.wav,787.46,-3.05
 LC_ARU7_20240625_062500.wav,804.55,-3.57
 LC_ARU7_20240625_062500.wav,900.4,-3.53
 LC_ARU7_20240625_062500.wav,910.99,-3.22
 LC_ARU7_20240625_062500.wav,913.96,-3.77
 LC_ARU7_20240625_062500.wav,943.31,-3.27
 LC_ARU7_20240625_062500.wav,1136.31,-3.1
 LC_ARU7_20240625_062500.wav,1167.71,-3.09
 LC_ARU7_20240625_062500.wav,1365.54,-3.02
 LC_ARU7_20240625_062500.wav,1377.06,-3.93
 LC_ARU7_20240625_062500.wav,1392.66,-2.61
 LC_ARU7_20240625_062500.wav,1401.02,-3
 LC_ARU7_20240625_062500.wav,1413.47,-3.77
 LC_ARU7_20240625_062500.wav,1437.99,-3.11
 LC_ARU7_20240625_062500.wav,1447.83,-3.85
 LC_ARU7_20240625_062500.wav,1570.81,-2.86
 LC_ARU7_20240625_062500.wav,1650.5,-3.73
 LC_ARU7_20240625_062500.wav,1656.26,-3.1
 LC_ARU7_20240625_062500.wav,1738.36,-3.11
 LC_ARU7_20240625_062500.wav,1751.18,-3.07
 LC_ARU7_20240625_062500.wav,1766.04,-2.91
LC_ARU7_20240629_062500.wav,172.04,-3.96
LC_ARU7_20240629_062500.wav,193.58,-3.89
LC_ARU7_20240629_062500.wav,259.53,-4.01
LC_ARU7_20240629_062500.wav,392.72,-4.29
LC_ARU7_20240629_062500.wav,514.76,-2.76
LC_ARU7_20240629_062500.wav,526.47,-3.24
LC_ARU7_20240629_062500.wav,541.88,-3.62
LC_ARU7_20240629_062500.wav,708.7,-3.12
LC_ARU7_20240629_062500.wav,725.97,-2.49
LC_ARU7_20240629_062500.wav,811.98,-4.45
LC_ARU7_20240629_062500.wav,836.5,-3.5
LC_ARU7_20240629_062500.wav,879.04,-3.95
LC_ARU7_20240629_062500.wav,892.04,-3.78
LC_ARU7_20240629_062500.wav,904.86,-4.31
LC_ARU7_20240629_062500.wav,916,-4.05
LC_ARU7_20240629_062500.wav,954.08,-3.88
LC_ARU7_20240707_062500.wav,118.54,-4.44
LC_ARU7_20240707_062500.wav,126.71,-4.63
LC_ARU7_20240707_062500.wav,129.87,-4.49
LC_ARU7_20240707_062500.wav,140.46,-4.3
LC_ARU7_20240707_062500.wav,250.61,-4.32
LC_ARU7_20240707_062500.wav,261.02,-4.52
LC_ARU7_20240707_062500.wav,367.83,-4.62
LC_ARU7_20240707_062500.wav,413.9,-4.39
LC_ARU7_20240707_062500.wav,441.02,-4.44
LC_ARU7_20240707_062500.wav,480.03,-4.49
LC_ARU7_20240707_062500.wav,491.73,-4.47
LC_ARU7_20240707_062500.wav,656.13,-4.53
LC_ARU7_20240707_062500.wav,725.04,-4.94
LC_ARU7_20240707_062500.wav,732.66,-4.97
LC_ARU7_20240707_062500.wav,783.56,-4.93
LC_ARU7_20240707_062500.wav,788.02,-3.92
LC_ARU7_20240707_062500.wav,799.72,-4.14
LC_ARU7_20240707_062500.wav,810.31,-3.81
LC_ARU7_20240707_062500.wav,824.24,-3.7
LC_ARU7_20240707_062500.wav,858.05,-3.86
LC_ARU7_20240707_062500.wav,870.49,-3.89
LC_ARU7_20240707_062500.wav,901.14,-3.94
LC_ARU7_20240707_062500.wav,926.04,-3.56
LC_ARU7_20240707_062500.wav,936.99,-4.53
LC_ARU7_20240707_062500.wav,959.1,-3.11
LC_ARU7_20240707_062500.wav,981.95,-2.54
LC_ARU7_20240707_062500.wav,1007.03,-3.71
LC_ARU7_20240707_062500.wav,1023.74,-3.68
LC_ARU7_20240707_062500.wav,1036.56,-3.75
LC_ARU7_20240707_062500.wav,1062.01,-4.1
LC_ARU7_20240707_062500.wav,1071.86,-3.66
LC_ARU7_20240707_062500.wav,1088.76,-3.92
LC_ARU7_20240707_062500.wav,1112.91,-5.02
LC_ARU7_20240707_062500.wav,1140.22,-3.59
LC_ARU7_20240707_062500.wav,1152.66,-3.65
LC_ARU7_20240707_062500.wav,1172.54,-4.04
LC_ARU7_20240707_062500.wav,1185.73,-3.34
LC_ARU7_20240707_062500.wav,1196.87,-5.22
LC_ARU7_20240707_062500.wav,1244.24,-5.1
LC_ARU7_20240707_062500.wav,1266.72,-5.12
LC_ARU7_20240707_062500.wav,1280.65,-3.99
LC_ARU7_20240707_062500.wav,1316.13,-3.59
LC_ARU7_20240707_062500.wav,1329.88,-3.83
LC_ARU7_20240707_062500.wav,1341.02,-3.8
LC_ARU7_20240707_062500.wav,1354.4,-3.8
LC_ARU7_20240707_062500.wav,1376.69,-3.6
LC_ARU7_20240707_062500.wav,1402.69,-3.64
LC_ARU7_20240707_062500.wav,1432.42,-3.97
LC_ARU7_20240707_062500.wav,1472.54,-3.97
LC_ARU7_20240707_062500.wav,1487.59,-3.81
LC_ARU7_20240707_062500.wav,1534.4,-3.95
LC_ARU7_20240707_062500.wav,1559.29,-3.93
LC_ARU7_20240707_062500.wav,1572.48,-3.55
LC_ARU7_20240707_062500.wav,1588.45,-2.78
LC_ARU7_20240707_062500.wav,1751.18,-5.48
LC_ARU7_20240707_062500.wav,1783.69,-4.08
LC_ARU8_20240625_062500.wav,18.41,-4.79
LC_ARU8_20240625_062500.wav,40.7,-4.5
LC_ARU8_20240625_062500.wav,73.58,-4.44
LC_ARU8_20240625_062500.wav,110.55,-5.06
LC_ARU8_20240625_062500.wav,143.24,-5.13
LC_ARU8_20240625_062500.wav,146.22,-4.28
LC_ARU8_20240625_062500.wav,152.72,-4.95
LC_ARU8_20240625_062500.wav,183.93,-4.41
LC_ARU8_20240625_062500.wav,204.54,-4.42
LC_ARU8_20240625_062500.wav,223.31,-5.51
LC_ARU8_20240625_062500.wav,238.72,-5.08
LC_ARU8_20240625_062500.wav,266.77,-4.34
LC_ARU8_20240625_062500.wav,276.99,-5.43
LC_ARU8_20240625_062500.wav,297.42,-5.31
LC_ARU8_20240625_062500.wav,323.24,-5.47
LC_ARU8_20240625_062500.wav,335.32,-4.37
LC_ARU8_20240625_062500.wav,341.08,-5.31
LC_ARU8_20240625_062500.wav,351.85,-4.4
LC_ARU8_20240625_062500.wav,363.37,-5.06
LC_ARU8_20240625_062500.wav,368.2,-4.51
LC_ARU8_20240625_062500.wav,376.19,-5.11
LC_ARU8_20240625_062500.wav,398.85,-5
LC_ARU8_20240625_062500.wav,440.27,-4.38
LC_ARU8_20240625_062500.wav,451.42,-5.65
LC_ARU8_20240625_062500.wav,455.51,-5.1
LC_ARU8_20240625_062500.wav,459.78,-4.34
LC_ARU8_20240625_062500.wav,475.01,-4.25
LC_ARU8_20240625_062500.wav,533.34,-4.4
LC_ARU8_20240625_062500.wav,573.46,-4.37
LC_ARU8_20240625_062500.wav,613.22,-5.49
LC_ARU8_20240625_062500.wav,792.66,-4.8
LC_ARU8_20240625_062500.wav,870.31,-3.65
LC_ARU8_20240625_062500.wav,881.64,-5.18
LC_ARU8_20240625_062500.wav,887.21,-3.46
LC_ARU8_20240625_062500.wav,902.82,-3.76
LC_ARU8_20240625_062500.wav,926.41,-5.06
LC_ARU8_20240625_062500.wav,931.24,-3.78
LC_ARU8_20240625_062500.wav,934.77,-4.61
LC_ARU8_20240625_062500.wav,941.27,-5.1
LC_ARU8_20240625_062500.wav,945.91,-3.78
LC_ARU8_20240625_062500.wav,957.06,-4.99
LC_ARU8_20240625_062500.wav,960.03,-3.79
LC_ARU8_20240625_062500.wav,965.79,-5.49
LC_ARU8_20240625_062500.wav,974.89,-4.57
LC_ARU8_20240625_062500.wav,980.28,-5.11
LC_ARU8_20240625_062500.wav,983.81,-5.18
LC_ARU8_20240625_062500.wav,993.09,-4.56
LC_ARU8_20240625_062500.wav,998.11,-5.15
LC_ARU8_20240625_062500.wav,1010.18,-4.14
LC_ARU8_20240625_062500.wav,1039.35,-4.97
LC_ARU8_20240625_062500.wav,1049.75,-3.97
LC_ARU8_20240625_062500.wav,1067.77,-4.91
LC_ARU8_20240625_062500.wav,1080.96,-5.01
LC_ARU8_20240625_062500.wav,1089.88,-3.85
LC_ARU8_20240625_062500.wav,1115.7,-4.14
LC_ARU8_20240625_062500.wav,1120.34,-4.93
LC_ARU8_20240625_062500.wav,1151.92,-4.75
LC_ARU8_20240625_062500.wav,1159.35,-3.93
LC_ARU8_20240625_062500.wav,1173.84,-4.1
LC_ARU8_20240625_062500.wav,1176.62,-5.21
LC_ARU8_20240625_062500.wav,1233.1,-4.96
LC_ARU8_20240625_062500.wav,1237.18,-4.09
LC_ARU8_20240625_062500.wav,1256.13,-5.19
LC_ARU8_20240625_062500.wav,1261.33,-5.3
LC_ARU8_20240625_062500.wav,1267.46,-5.24
LC_ARU8_20240625_062500.wav,1297.74,-5.43
LC_ARU8_20240625_062500.wav,1317.24,-4.01
LC_ARU8_20240625_062500.wav,1333.22,-3.99
LC_ARU8_20240625_062500.wav,1353.84,-5.44
LC_ARU8_20240625_062500.wav,1367.96,-4.89
LC_ARU8_20240625_062500.wav,1409.94,-5.32
LC_ARU8_20240625_062500.wav,1415.7,-3.86
LC_ARU8_20240625_062500.wav,1435.02,-4.04
LC_ARU8_20240625_062500.wav,1438.92,-5.12
LC_ARU8_20240625_062500.wav,1456.75,-4.26
LC_ARU8_20240625_062500.wav,1465.48,-3.92
LC_ARU8_20240625_062500.wav,1520.47,-4.17
LC_ARU8_20240625_062500.wav,1532.91,-4.84
LC_ARU8_20240625_062500.wav,1575.08,-4.49
LC_ARU8_20240625_062500.wav,1581.02,-4.24
LC_ARU8_20240625_062500.wav,1584.37,-3.91
LC_ARU8_20240625_062500.wav,1589.2,-5.22
LC_ARU8_20240625_062500.wav,1643.44,-3.99
LC_ARU8_20240625_062500.wav,1705.11,-3.74
LC_ARU8_20240629_062500.wav,146.03,-5.17
LC_ARU8_20240629_062500.wav,158.48,-5.01
LC_ARU8_20240629_062500.wav,175.57,-5.27
LC_ARU8_20240629_062500.wav,191.17,-4.83
LC_ARU8_20240629_062500.wav,219.96,-5.41
LC_ARU8_20240629_062500.wav,231.11,-5.17
LC_ARU8_20240629_062500.wav,263.8,-5.34
LC_ARU8_20240629_062500.wav,398.48,-4.91
LC_ARU8_20240629_062500.wav,419.47,-4.98
LC_ARU8_20240629_062500.wav,446.4,-5.43
LC_ARU8_20240629_062500.wav,462.01,-4.94
LC_ARU8_20240629_062500.wav,477.61,-5.46
LC_ARU8_20240629_062500.wav,494.7,-5.23
LC_ARU8_20240629_062500.wav,611.17,-5.51
LC_ARU8_20240629_062500.wav,648.88,-5.49
LC_ARU8_20240629_062500.wav,653.53,-4.56
LC_ARU8_20240629_062500.wav,699.78,-4.82
LC_ARU8_20240629_062500.wav,713.71,-4.89
LC_ARU8_20240629_062500.wav,724.11,-5.7
LC_ARU8_20240629_062500.wav,729.87,-5.48
LC_ARU8_20240629_062500.wav,734.15,-5.09
LC_ARU8_20240629_062500.wav,793.96,-5.08
LC_ARU8_20240629_062500.wav,834.27,-4.52
LC_ARU8_20240629_062500.wav,845.79,-5.5
LC_ARU8_20240629_062500.wav,850.8,-5.86
LC_ARU8_20240629_062500.wav,893.53,-4.64
LC_ARU8_20240629_062500.wav,903.19,-4.8
LC_ARU8_20240629_062500.wav,914.89,-5.5
LC_ARU8_20240629_062500.wav,916.75,-5.5
LC_ARU8_20240629_062500.wav,959.66,-5.28
LC_ARU8_20240629_062500.wav,994.39,-5.56
LC_ARU8_20240629_062500.wav,999.41,-5.55
LC_ARU8_20240629_062500.wav,1004.24,-5.6
LC_ARU8_20240629_062500.wav,1064.61,-5.29
LC_ARU8_20240629_062500.wav,1075.76,-5.75
LC_ARU8_20240629_062500.wav,1090.06,-5.62
LC_ARU8_20240629_062500.wav,1120.71,-5.25
LC_ARU8_20240629_062500.wav,1137.06,-5.59
LC_ARU8_20240629_062500.wav,1171.8,-5.39
LC_ARU8_20240629_062500.wav,1174.58,-5.28
LC_ARU8_20240629_062500.wav,1202.63,-5.68
LC_ARU8_20240629_062500.wav,1267.28,-4.79
LC_ARU8_20240629_062500.wav,1319.1,-4.01
LC_ARU8_20240629_062500.wav,1376.5,-5.56
LC_ARU8_20240629_062500.wav,1497.99,-5.44
LC_ARU8_20240629_062500.wav,1515.45,-4.96
LC_ARU8_20240629_062500.wav,1568.02,-5.41
LC_ARU8_20240629_062500.wav,1579.91,-5.53
LC_ARU8_20240629_062500.wav,1585.48,-4.89
LC_ARU8_20240629_062500.wav,1607.96,-4.37
LC_ARU8_20240629_062500.wav,1623.38,-3.73
LC_ARU8_20240629_062500.wav,1634.89,-4.81
LC_ARU8_20240629_062500.wav,1646.41,-3.86
LC_ARU8_20240629_062500.wav,1660.16,-3.68
LC_ARU8_20240629_062500.wav,1668.7,-5.24
LC_ARU8_20240629_062500.wav,1676.69,-3.66
LC_ARU8_20240629_062500.wav,1696.01,-3.64
LC_ARU8_20240629_062500.wav,1711.98,-3.68
LC_ARU8_20240707_062500.wav,53.71,-4.41
LC_ARU8_20240707_062500.wav,138.04,-4.62
LC_ARU8_20240707_062500.wav,313.4,-4.48
LC_ARU8_20240707_062500.wav,418.54,-4.62
LC_ARU8_20240707_062500.wav,709.63,-4.73
LC_ARU8_20240707_062500.wav,793.4,-4.78
LC_ARU8_20240707_062500.wav,879.97,-5.31
LC_ARU8_20240707_062500.wav,1114.02,-5.39
LC_ARU8_20240707_062500.wav,1362.94,-3.69
LC_ARU8_20240707_062500.wav,1403.44,-3.74
LC_ARU8_20240707_062500.wav,1427.03,-5.54
LC_ARU8_20240707_062500.wav,1429.26,-5.62
LC_ARU8_20240707_062500.wav,1445.98,-5.55
LC_ARU8_20240707_062500.wav,1469.57,-5.83
LC_ARU8_20240707_062500.wav,1511.55,-5.19
LC_ARU8_20240707_062500.wav,1522.88,-5.51
LC_ARU8_20240707_062500.wav,1535.7,-5.55
LC_ARU8_20240707_062500.wav,1548.89,-5.33
LC_ARU8_20240707_062500.wav,1589.57,-5.79
LC_ARU8_20240707_062500.wav,1606.47,-5.64
LC_ARU8_20240707_062500.wav,1627.65,-5.59
LC_ARU8_20240707_062500.wav,1642.32,-5.01
LC_ARU8_20240707_062500.wav,1673.16,-5.03
LC_ARU8_20240707_062500.wav,1685.98,-5.67
LC_ARU8_20240707_062500.wav,1701.58,-5.56
LC_ARU8_20240707_062500.wav,1714.03,-5.58
LC_ARU8_20240707_062500.wav,1727.22,-5.74
LC_ARU8_20240707_062500.wav,1742.08,-5.6
LC_ARU8_20240707_062500.wav,1768.27,-5.7
LC_ARU8_20240707_062500.wav,1775.33,-6.06
LC_ARU8_20240707_062500.wav,1786.1,-5.66
LC_ARU8_20240703_062500.wav,395.88,-4.81
LC_ARU8_20240703_062500.wav,408.88,-4.47
LC_ARU8_20240703_062500.wav,470.55,-4.91
LC_ARU8_20240703_062500.wav,475.94,-5.08
LC_ARU8_20240703_062500.wav,519.59,-4.69
LC_ARU8_20240703_062500.wav,525.91,-5.05
LC_ARU8_20240703_062500.wav,535.01,-4.74
LC_ARU8_20240703_062500.wav,646.47,-5.12
LC_ARU8_20240703_062500.wav,657.8,-5.07
LC_ARU8_20240703_062500.wav,661.7,-5.1
LC_ARU8_20240703_062500.wav,801.39,-5.17
LC_ARU8_20240703_062500.wav,843.37,-5.19
LC_ARU8_20240703_062500.wav,885.91,-5.22
LC_ARU8_20240703_062500.wav,913.96,-5.75
LC_ARU8_20240703_062500.wav,924.18,-5.04
LC_ARU8_20240703_062500.wav,1046.22,-4.51
LC_ARU8_20240703_062500.wav,1086.9,-5.28
LC_ARU8_20240703_062500.wav,1179.23,-4.44
LC_ARU8_20240703_062500.wav,1202.45,-6.37
LC_ARU8_20240703_062500.wav,1334.52,-4.78
LC_ARU8_20240703_062500.wav,1363.68,-5
LC_ARU8_20240703_062500.wav,1402.32,-6.06
LC_ARU8_20240703_062500.wav,1408.27,-5.33
LC_ARU8_20240703_062500.wav,1419.04,-5.37
LC_ARU8_20240703_062500.wav,1703.07,-6
LC_ARU9_20240625_062500.wav,1545.17,-5.86
LC_ARU9_20240625_062500.wav,1559.48,-5.29
LC_ARU9_20240625_062500.wav,1638.79,-6
LC_ARU10_20240629_062500.wav,400.71,-5.04
LC_ARU10_20240629_062500.wav,593.53,-4.77
LC_ARU10_20240629_062500.wav,607.46,-4.91
LC_ARU10_20240629_062500.wav,771.3,-5.44
LC_ARU10_20240629_062500.wav,1043.44,-5.29
LC_ARU10_20240629_062500.wav,1315.57,-5.44
LC_ARU10_20240629_062500.wav,1359.04,-5.53
LC_ARU10_20240629_062500.wav,1383.19,-5.52
LC_ARU10_20240629_062500.wav,1426.84,-5.32
LC_ARU10_20240629_062500.wav,1616.69,-5.35
LC_ARU10_20240629_062500.wav,1622.82,-5.68
LC_ARU10_20240629_062500.wav,1688.02,-5.47
LC_ARU10_20240629_062500.wav,1731.67,-5.71
LC_ARU10_20240629_062500.wav,1763.07,-5.54
LC_ARU10_20240625_062500.wav,101.26,-4.49
LC_ARU10_20240625_062500.wav,124.67,-3.93
LC_ARU10_20240625_062500.wav,292.78,-5.17
LC_ARU10_20240625_062500.wav,355.38,-5.19
LC_ARU10_20240625_062500.wav,520.89,-5.27
LC_ARU10_20240625_062500.wav,540.77,-4.25
LC_ARU10_20240625_062500.wav,575.69,-5.39
LC_ARU10_20240625_062500.wav,587.21,-4.22
LC_ARU10_20240625_062500.wav,650.55,-5.35
LC_ARU10_20240625_062500.wav,659.84,-4.18
LC_ARU10_20240625_062500.wav,670.06,-5.12
LC_ARU10_20240625_062500.wav,683.06,-4.17
LC_ARU10_20240625_062500.wav,691.23,-4.94
LC_ARU10_20240625_062500.wav,698.29,-5.43
LC_ARU10_20240625_062500.wav,702.75,-4.13
LC_ARU10_20240625_062500.wav,729.69,-5.27
LC_ARU10_20240625_062500.wav,748.82,-5.09
LC_ARU10_20240625_062500.wav,762.2,-5.39
LC_ARU10_20240625_062500.wav,844.12,-4.93
LC_ARU10_20240625_062500.wav,896.31,-5.69
LC_ARU10_20240625_062500.wav,928.64,-5.72
LC_ARU10_20240625_062500.wav,936.07,-5.17
LC_ARU10_20240625_062500.wav,968.95,-4.53
LC_ARU10_20240625_062500.wav,973.78,-5.34
LC_ARU10_20240625_062500.wav,978.98,-5.8
LC_ARU10_20240625_062500.wav,992.72,-4.47
LC_ARU10_20240625_062500.wav,1018.17,-4.51
LC_ARU10_20240625_062500.wav,1049.75,-4.36
LC_ARU10_20240625_062500.wav,1079.1,-5.25
LC_ARU10_20240625_062500.wav,1100.09,-5.42
LC_ARU10_20240625_062500.wav,1125.54,-5.74
LC_ARU10_20240625_062500.wav,1136.87,-5.17
LC_ARU10_20240625_062500.wav,1153.03,-5.18
LC_ARU10_20240625_062500.wav,1161.58,-4.6
LC_ARU10_20240625_062500.wav,1168.27,-4.3
LC_ARU10_20240625_062500.wav,1180.34,-5.84
LC_ARU10_20240625_062500.wav,1184.24,-4.22
LC_ARU10_20240625_062500.wav,1198.73,-4.38
LC_ARU10_20240625_062500.wav,1202.07,-4.22
LC_ARU10_20240625_062500.wav,1216.75,-4.37
LC_ARU10_20240625_062500.wav,1255.76,-5.62
LC_ARU10_20240625_062500.wav,1310.74,-4.31
LC_ARU10_20240625_062500.wav,1323.93,-4.45
LC_ARU10_20240625_062500.wav,1338.42,-4.41
LC_ARU10_20240625_062500.wav,1368.14,-5.85
LC_ARU10_20240625_062500.wav,1372.04,-4.42
LC_ARU10_20240625_062500.wav,1390.81,-4.36
LC_ARU10_20240625_062500.wav,1428.51,-4.4
LC_ARU10_20240625_062500.wav,1446.91,-4.99
LC_ARU10_20240625_062500.wav,1462.51,-4.37
LC_ARU10_20240625_062500.wav,1551.3,-5.63
LC_ARU10_20240625_062500.wav,1677.25,-4.32
LC_ARU10_20240703_062500.wav,12.84,-4.82
LC_ARU10_20240703_062500.wav,23.99,-4.81
LC_ARU10_20240703_062500.wav,37.73,-4.61
LC_ARU10_20240703_062500.wav,49.06,-4.21
LC_ARU10_20240703_062500.wav,55.57,-4.68
LC_ARU10_20240703_062500.wav,61.7,-4.33
LC_ARU10_20240703_062500.wav,82.87,-4.72
LC_ARU10_20240703_062500.wav,112.22,-3.88
LC_ARU10_20240703_062500.wav,173.71,-3.39
LC_ARU10_20240703_062500.wav,183.93,-3.57
LC_ARU10_20240703_062500.wav,240.4,-3.86
LC_ARU10_20240703_062500.wav,245.78,-4.81
LC_ARU10_20240703_062500.wav,263.99,-4.01
LC_ARU10_20240703_062500.wav,268.26,-3.93
LC_ARU10_20240703_062500.wav,275.13,-4.56
LC_ARU10_20240703_062500.wav,292.97,-4.11
LC_ARU10_20240703_062500.wav,304.48,-4.03
LC_ARU10_20240703_062500.wav,317.86,-2.08
LC_ARU10_20240703_062500.wav,356.87,-3.77
LC_ARU10_20240703_062500.wav,422.07,-4.9
LC_ARU10_20240703_062500.wav,528.88,-4.45
LC_ARU10_20240703_062500.wav,544.67,-4.19
LC_ARU10_20240703_062500.wav,556.19,-4.12
LC_ARU10_20240703_062500.wav,581.64,-4.27
LC_ARU10_20240703_062500.wav,634.39,-4.07
LC_ARU10_20240703_062500.wav,668.76,-4.03
LC_ARU10_20240703_062500.wav,738.05,-4.56
LC_ARU10_20240703_062500.wav,753.09,-5.69
LC_ARU10_20240703_062500.wav,758.11,-4.18
LC_ARU10_20240703_062500.wav,762.75,-4.99
LC_ARU10_20240703_062500.wav,779.47,-4.97
LC_ARU10_20240703_062500.wav,798.6,-3.99
LC_ARU10_20240703_062500.wav,809.01,-4.66
LC_ARU10_20240703_062500.wav,815.69,-4.34
LC_ARU10_20240703_062500.wav,859.9,-4.01
LC_ARU10_20240703_062500.wav,874.95,-4
LC_ARU10_20240703_062500.wav,958.54,-5.79
LC_ARU10_20240703_062500.wav,974.52,-4.03
LC_ARU10_20240703_062500.wav,1047.15,-4.6
LC_ARU10_20240703_062500.wav,1055.32,-5.61
LC_ARU10_20240703_062500.wav,1059.97,-3.85
LC_ARU10_20240703_062500.wav,1070,-5.65
LC_ARU10_20240703_062500.wav,1084.12,-5.38
LC_ARU10_20240703_062500.wav,1086.9,-5.1
LC_ARU10_20240703_062500.wav,1094.33,-4.24
LC_ARU10_20240703_062500.wav,1118.3,-5.09
LC_ARU10_20240703_062500.wav,1122.75,-4.07
LC_ARU10_20240703_062500.wav,1128.51,-5.42
LC_ARU10_20240703_062500.wav,1139.1,-5.2
LC_ARU10_20240703_062500.wav,1148.58,-5.33
LC_ARU10_20240703_062500.wav,1152.66,-6.01
LC_ARU10_20240703_062500.wav,1174.77,-4.43
LC_ARU10_20240703_062500.wav,1179.6,-5.57
LC_ARU10_20240703_062500.wav,1189.63,-4.48
LC_ARU10_20240703_062500.wav,1192.6,-5.4
LC_ARU10_20240703_062500.wav,1199.1,-4.19
LC_ARU10_20240703_062500.wav,1211.55,-4.19
LC_ARU10_20240703_062500.wav,1233.1,-3.95
LC_ARU10_20240703_062500.wav,1263.75,-4.01
LC_ARU10_20240703_062500.wav,1275.45,-4.29
LC_ARU10_20240703_062500.wav,1286.22,-5.56
LC_ARU10_20240703_062500.wav,1292.54,-4.15
LC_ARU10_20240703_062500.wav,1307.4,-5.57
LC_ARU10_20240703_062500.wav,1337.86,-5.12
LC_ARU10_20240703_062500.wav,1344.55,-4.56
LC_ARU10_20240703_062500.wav,1350.5,-5.24
LC_ARU10_20240703_062500.wav,1379.29,-4.82
LC_ARU10_20240703_062500.wav,1397.12,-5.38
LC_ARU10_20240703_062500.wav,1437.62,-5.5
LC_ARU10_20240703_062500.wav,1447.46,-5.04
LC_ARU10_20240703_062500.wav,1460.09,-5.56
LC_ARU10_20240703_062500.wav,1516.38,-4.96
LC_ARU10_20240703_062500.wav,1528.45,-5.87
LC_ARU10_20240703_062500.wav,1536.07,-4.9
LC_ARU10_20240703_062500.wav,1548.14,-4.81
LC_ARU10_20240703_062500.wav,1557.25,-5.4
LC_ARU10_20240703_062500.wav,1580.47,-5
LC_ARU10_20240703_062500.wav,1586.04,-5.25
LC_ARU10_20240703_062500.wav,1594.21,-4.83
LC_ARU10_20240703_062500.wav,1600.71,-5.19
LC_ARU10_20240703_062500.wav,1610.56,-4.7
LC_ARU10_20240703_062500.wav,1619.29,-5.41
LC_ARU10_20240703_062500.wav,1625.42,-4.75
LC_ARU10_20240703_062500.wav,1635.82,-5.38
LC_ARU10_20240703_062500.wav,1653.1,-5.19
LC_ARU10_20240703_062500.wav,1659.04,-4.95
LC_ARU10_20240703_062500.wav,1688.21,-4.92
LC_ARU10_20240703_062500.wav,1693.97,-5.34
LC_ARU10_20240703_062500.wav,1704.55,-4.88
LC_ARU10_20240703_062500.wav,1719.6,-4.8
LC_ARU10_20240703_062500.wav,1730.93,-5.18
LC_ARU10_20240703_062500.wav,1755.64,-5.1
LC_ARU10_20240703_062500.wav,1761.4,-5.7
LC_ARU11_20240625_062500.wav,16.93,-5.31
LC_ARU11_20240625_062500.wav,87.33,-5.4
LC_ARU11_20240625_062500.wav,153.83,-5.16
LC_ARU11_20240625_062500.wav,261.57,-5.8
LC_ARU11_20240625_062500.wav,282.56,-4.23
LC_ARU11_20240625_062500.wav,295.57,-5.66
LC_ARU11_20240625_062500.wav,471.67,-4.96
LC_ARU11_20240625_062500.wav,497.12,-4.98
LC_ARU11_20240625_062500.wav,506.96,-5.11
LC_ARU11_20240625_062500.wav,536.68,-5.84
LC_ARU11_20240625_062500.wav,542.07,-5.21
LC_ARU11_20240625_062500.wav,554.52,-5.25
LC_ARU11_20240625_062500.wav,601.7,-5.34
LC_ARU11_20240625_062500.wav,627.89,-5.58
LC_ARU11_20240625_062500.wav,651.11,-5.68
LC_ARU11_20240625_062500.wav,694.21,-5.5
LC_ARU11_20240625_062500.wav,706.1,-5.26
LC_ARU11_20240625_062500.wav,717.24,-5.37
LC_ARU11_20240625_062500.wav,756.44,-5.61
LC_ARU11_20240625_062500.wav,766.65,-6.08
LC_ARU11_20240625_062500.wav,770.18,-5.61
LC_ARU11_20240625_062500.wav,849.13,-5.27
LC_ARU11_20240625_062500.wav,915.26,-5.49
LC_ARU11_20240625_062500.wav,928.82,-5.42
LC_ARU11_20240625_062500.wav,1041.76,-5.28
LC_ARU11_20240625_062500.wav,1057.92,-5.22
LC_ARU11_20240625_062500.wav,1071.11,-4.87
LC_ARU11_20240625_062500.wav,1085.97,-4.81
LC_ARU11_20240625_062500.wav,1120.15,-4.72
LC_ARU11_20240625_062500.wav,1134.64,-4.57
LC_ARU11_20240625_062500.wav,1150.25,-4.51
LC_ARU11_20240625_062500.wav,1160.46,-4.55
LC_ARU11_20240625_062500.wav,1179.78,-4.36
LC_ARU11_20240625_062500.wav,1190.37,-4.41
LC_ARU11_20240625_062500.wav,1246.66,-5.19
LC_ARU11_20240625_062500.wav,1291.05,-5.04
LC_ARU10_20240707_062500.wav,10.61,-3.45
LC_ARU10_20240707_062500.wav,32.9,-3.46
LC_ARU10_20240707_062500.wav,46.09,-3.45
LC_ARU10_20240707_062500.wav,110.36,-3.47
LC_ARU10_20240707_062500.wav,198.79,-3.45
LC_ARU10_20240707_062500.wav,236.31,-3.47
LC_ARU10_20240707_062500.wav,300.58,-3.43
LC_ARU10_20240707_062500.wav,311.73,-3.53
LC_ARU10_20240707_062500.wav,331.6,-4.48
LC_ARU10_20240707_062500.wav,361.88,-3.56
LC_ARU10_20240707_062500.wav,375.44,-3.56
LC_ARU10_20240707_062500.wav,397.55,-3.53
LC_ARU10_20240707_062500.wav,435.07,-3.59
LC_ARU10_20240707_062500.wav,473.71,-3.55
LC_ARU10_20240707_062500.wav,511.79,-3.44
LC_ARU10_20240707_062500.wav,532.04,-3.68
LC_ARU10_20240707_062500.wav,568.45,-3.64
LC_ARU10_20240707_062500.wav,644.79,-3.72
LC_ARU10_20240707_062500.wav,704.61,-3.53
LC_ARU10_20240707_062500.wav,726.71,-4.53
LC_ARU10_20240707_062500.wav,789.32,-3.43
LC_ARU10_20240707_062500.wav,806.41,-3.58
LC_ARU10_20240707_062500.wav,865.48,-4.36
LC_ARU10_20240707_062500.wav,1203.56,-3.99
LC_ARU10_20240707_062500.wav,1375.39,-4.62
LC_ARU10_20240707_062500.wav,1410.68,-4.68
LC_ARU10_20240707_062500.wav,1453.22,-4.7
LC_ARU10_20240707_062500.wav,1594.77,-4.67
LC_ARU11_20240629_062500.wav,130.43,-4.61
LC_ARU11_20240629_062500.wav,399.59,-5.5
LC_ARU11_20240629_062500.wav,672.47,-5.4
LC_ARU11_20240629_062500.wav,952.6,-5.38
LC_ARU11_20240629_062500.wav,1251.67,-5.81
LC_ARU11_20240629_062500.wav,1390.25,-5.14
LC_ARU11_20240629_062500.wav,1440.22,-5.92
LC_ARU11_20240629_062500.wav,1746.16,-5.95
LC_ARU11_20240629_062500.wav,1751.55,-5.83
LC_ARU11_20240629_062500.wav,1793.53,-5.6
LC_ARU11_20240707_062500.wav,425.78,-5.44
LC_ARU11_20240707_062500.wav,686.96,-4.99
LC_ARU11_20240707_062500.wav,863.99,-5.68
LC_ARU11_20240707_062500.wav,1217.12,-6.25
LC_ARU11_20240707_062500.wav,1250.93,-6.07
LC_ARU11_20240707_062500.wav,1428.89,-6.26
LC_ARU11_20240707_062500.wav,1537.18,-6.35
LC_ARU11_20240707_062500.wav,1710.13,-6.31
LC_ARU11_20240707_062500.wav,1744.31,-5.79
LC_ARU11_20240707_062500.wav,1764.18,-6.14
LC_ARU12_20240625_062500.wav,26.59,-4.02
LC_ARU12_20240625_062500.wav,57.24,-4.91
LC_ARU12_20240625_062500.wav,68.57,-4.74
LC_ARU12_20240625_062500.wav,75.63,-5.32
LC_ARU12_20240625_062500.wav,80.64,-4.54
LC_ARU12_20240625_062500.wav,88.07,-4.94
LC_ARU12_20240625_062500.wav,94.76,-4.67
LC_ARU12_20240625_062500.wav,100.89,-5.25
LC_ARU12_20240625_062500.wav,106.84,-4.73
LC_ARU12_20240625_062500.wav,112.41,-5.36
LC_ARU12_20240625_062500.wav,128.2,-5.47
LC_ARU12_20240625_062500.wav,142.5,-5.29
LC_ARU12_20240625_062500.wav,170.74,-5.2
LC_ARU12_20240625_062500.wav,174.64,-4.81
LC_ARU12_20240625_062500.wav,181.51,-5.24
LC_ARU12_20240625_062500.wav,201.76,-4.78
LC_ARU12_20240625_062500.wav,213.46,-4.67
LC_ARU12_20240625_062500.wav,222.56,-5.33
LC_ARU12_20240625_062500.wav,232.04,-4.71
LC_ARU12_20240625_062500.wav,253.77,-4.79
LC_ARU12_20240625_062500.wav,394.02,-4.16
LC_ARU12_20240625_062500.wav,563.43,-5.35
LC_ARU12_20240625_062500.wav,586.47,-5.19
LC_ARU12_20240625_062500.wav,622.69,-5.26
LC_ARU12_20240625_062500.wav,629.75,-5.76
LC_ARU12_20240625_062500.wav,636.25,-5.35
LC_ARU12_20240625_062500.wav,644.24,-5.79
LC_ARU12_20240625_062500.wav,648.88,-5.27
LC_ARU12_20240625_062500.wav,671.73,-5.29
LC_ARU12_20240625_062500.wav,685.48,-5.46
LC_ARU12_20240625_062500.wav,698.48,-5.51
LC_ARU12_20240625_062500.wav,715.01,-5.47
LC_ARU12_20240625_062500.wav,802.32,-4.53
LC_ARU12_20240625_062500.wav,841.51,-5.7
LC_ARU12_20240625_062500.wav,870.12,-5.4
LC_ARU12_20240625_062500.wav,874.77,-5.46
LC_ARU12_20240625_062500.wav,893.34,-5.34
LC_ARU12_20240625_062500.wav,908.39,-5.76
LC_ARU12_20240625_062500.wav,919.35,-5.04
LC_ARU12_20240625_062500.wav,936.44,-5.67
LC_ARU12_20240625_062500.wav,947.21,-5.76
LC_ARU12_20240625_062500.wav,990.68,-5.47
LC_ARU12_20240625_062500.wav,1012.04,-5.54
LC_ARU12_20240625_062500.wav,1049.38,-5.78
LC_ARU12_20240625_062500.wav,1562.08,-5.41
LC_ARU11_20240703_062500.wav,2.62,-5.23
LC_ARU11_20240703_062500.wav,16.56,-4.64
LC_ARU11_20240703_062500.wav,33.27,-5.36
LC_ARU11_20240703_062500.wav,67.64,-5.61
LC_ARU11_20240703_062500.wav,97.18,-5.15
LC_ARU11_20240703_062500.wav,457.55,-5.48
LC_ARU11_20240703_062500.wav,667.27,-5.11
LC_ARU11_20240703_062500.wav,756.99,-5.1
LC_ARU11_20240703_062500.wav,820.71,-5.27
LC_ARU11_20240703_062500.wav,863.43,-4.85
LC_ARU11_20240703_062500.wav,872.16,-5.8
LC_ARU11_20240703_062500.wav,886.1,-5.87
LC_ARU11_20240703_062500.wav,893.34,-4.73
LC_ARU11_20240703_062500.wav,929.56,-5.81
LC_ARU11_20240703_062500.wav,936.25,-5.04
LC_ARU11_20240703_062500.wav,938.67,-5.27
LC_ARU11_20240703_062500.wav,945.54,-5.74
LC_ARU11_20240703_062500.wav,1058.11,-5.98
LC_ARU11_20240703_062500.wav,1076.13,-5.65
LC_ARU11_20240703_062500.wav,1088.39,-6.13
LC_ARU11_20240703_062500.wav,1220.84,-5.9
LC_ARU11_20240703_062500.wav,1270.43,-6.15
LC_ARU11_20240703_062500.wav,1284.18,-5.7
LC_ARU11_20240703_062500.wav,1292.35,-6.28
LC_ARU11_20240703_062500.wav,1302.2,-5.56
LC_ARU11_20240703_062500.wav,1421.64,-5.93
LC_ARU11_20240703_062500.wav,1424.06,-5.93
LC_ARU11_20240703_062500.wav,1509.69,-5.94
LC_ARU11_20240703_062500.wav,1597.18,-6.08
LC_ARU12_20240629_062500.wav,162.56,-4.87
LC_ARU12_20240629_062500.wav,499.53,-3.88
LC_ARU12_20240629_062500.wav,701.08,-4.14
LC_ARU12_20240629_062500.wav,753.09,-4.13
LC_ARU12_20240629_062500.wav,1014.46,-4.11
LC_ARU12_20240629_062500.wav,1072.6,-3.99
LC_ARU12_20240629_062500.wav,1112.54,-4.04
LC_ARU12_20240629_062500.wav,1128.51,-4.08
LC_ARU12_20240629_062500.wav,1265.05,-4.17
LC_ARU12_20240629_062500.wav,1279.91,-3.77
LC_ARU12_20240629_062500.wav,1297,-3.77
LC_ARU12_20240629_062500.wav,1321.89,-4.12
LC_ARU12_20240629_062500.wav,1356.25,-3.99
LC_ARU12_20240629_062500.wav,1376.32,-4.33
LC_ARU12_20240629_062500.wav,1402.69,-4.46
LC_ARU12_20240629_062500.wav,1446.35,-4.3
LC_ARU12_20240629_062500.wav,1596.26,-3.85
LC_ARU12_20240629_062500.wav,1766.97,-4.13
LC_ARU12_20240707_062500.wav,1238.11,-5.59
LC_ARU12_20240707_062500.wav,1408.27,-5.93
LC_ARU12_20240707_062500.wav,1631.92,-5.57
LC_ARU12_20240707_062500.wav,1639.54,-5.41
LC_ARU12_20240707_062500.wav,1789.45,-5.73
LC_ARU13_20240625_062500.wav,37.36,-4.35
LC_ARU13_20240625_062500.wav,80.46,-4.24
LC_ARU13_20240625_062500.wav,94.2,-4.07
LC_ARU13_20240625_062500.wav,111.85,-4.61
LC_ARU13_20240625_062500.wav,157.36,-4.72
LC_ARU13_20240625_062500.wav,196.56,-4.31
LC_ARU13_20240625_062500.wav,203.24,-5.22
LC_ARU13_20240625_062500.wav,215.32,-4.18
LC_ARU13_20240625_062500.wav,228.32,-4.1
LC_ARU13_20240625_062500.wav,234.82,-4.68
LC_ARU13_20240625_062500.wav,264.92,-4.08
LC_ARU13_20240625_062500.wav,298.91,-3.98
LC_ARU13_20240625_062500.wav,305.23,-4.49
LC_ARU13_20240625_062500.wav,317.3,-4.95
LC_ARU13_20240625_062500.wav,320.09,-4.55
LC_ARU13_20240625_062500.wav,326.77,-4.03
LC_ARU13_20240625_062500.wav,334.95,-4.54
LC_ARU13_20240625_062500.wav,340.71,-4.07
LC_ARU13_20240625_062500.wav,349.62,-4.49
LC_ARU13_20240625_062500.wav,362.81,-4.68
LC_ARU13_20240625_062500.wav,368.57,-4.16
LC_ARU13_20240625_062500.wav,378.23,-4.11
LC_ARU13_20240625_062500.wav,381.02,-5.41
LC_ARU13_20240625_062500.wav,393.46,-4.07
LC_ARU13_20240625_062500.wav,405.72,-4.14
LC_ARU13_20240625_062500.wav,416.31,-4.67
LC_ARU13_20240625_062500.wav,422.63,-4.14
LC_ARU13_20240625_062500.wav,430.8,-4.65
LC_ARU13_20240625_062500.wav,437.49,-4.33
LC_ARU13_20240625_062500.wav,459.04,-4.49
LC_ARU13_20240625_062500.wav,484.11,-5.39
LC_ARU13_20240625_062500.wav,506.78,-4.21
LC_ARU13_20240625_062500.wav,511.98,-5.13
LC_ARU13_20240625_062500.wav,523.68,-4.25
LC_ARU13_20240625_062500.wav,542.26,-4.74
LC_ARU13_20240625_062500.wav,551.54,-4.1
LC_ARU13_20240625_062500.wav,558.79,-5.6
LC_ARU13_20240625_062500.wav,575.69,-3.99
LC_ARU13_20240625_062500.wav,580.52,-5.62
LC_ARU13_20240625_062500.wav,583.12,-4.11
LC_ARU13_20240625_062500.wav,595.01,-5.39
LC_ARU13_20240625_062500.wav,613.4,-4.18
LC_ARU13_20240625_062500.wav,628.45,-4.1
LC_ARU13_20240625_062500.wav,631.79,-3.58
LC_ARU13_20240625_062500.wav,656.5,-3.52
LC_ARU13_20240625_062500.wav,673.03,-3.45
LC_ARU13_20240625_062500.wav,681.95,-3.51
LC_ARU13_20240625_062500.wav,695.32,-3.46
LC_ARU13_20240625_062500.wav,707.77,-5.2
LC_ARU13_20240625_062500.wav,717.06,-3.51
LC_ARU13_20240625_062500.wav,724.67,-5.52
LC_ARU13_20240625_062500.wav,733.03,-3.54
LC_ARU13_20240625_062500.wav,746.59,-3.59
LC_ARU13_20240625_062500.wav,767.02,-3.56
LC_ARU13_20240625_062500.wav,785.23,-3.58
LC_ARU13_20240625_062500.wav,789.69,-4.29
LC_ARU13_20240625_062500.wav,797.86,-4.22
LC_ARU13_20240625_062500.wav,803.81,-3.59
LC_ARU13_20240625_062500.wav,813.46,-4.25
LC_ARU13_20240625_062500.wav,818.67,-3.57
LC_ARU13_20240625_062500.wav,832.78,-4.1
LC_ARU13_20240625_062500.wav,839.84,-3.59
LC_ARU13_20240625_062500.wav,846.34,-4.17
LC_ARU13_20240625_062500.wav,855.26,-4.11
LC_ARU13_20240625_062500.wav,878.67,-4.14
LC_ARU13_20240625_062500.wav,883.5,-4.03
LC_ARU13_20240625_062500.wav,892.78,-5.71
LC_ARU13_20240625_062500.wav,916.75,-3.86
LC_ARU13_20240625_062500.wav,930.86,-3.82
LC_ARU13_20240625_062500.wav,935.51,-5.76
LC_ARU13_20240625_062500.wav,939.6,-3.89
LC_ARU13_20240625_062500.wav,942.01,-3.58
LC_ARU13_20240625_062500.wav,960.59,-3.53
LC_ARU13_20240625_062500.wav,980.28,-4.01
LC_ARU13_20240625_062500.wav,991.61,-3.94
LC_ARU13_20240625_062500.wav,1007.4,-3.93
LC_ARU13_20240625_062500.wav,1021.52,-4.14
LC_ARU13_20240625_062500.wav,1033.96,-4.13
LC_ARU13_20240625_062500.wav,1041.02,-4.17
LC_ARU13_20240625_062500.wav,1067.03,-4.12
LC_ARU13_20240625_062500.wav,1088.76,-4.05
LC_ARU13_20240625_062500.wav,1092.1,-4.09
LC_ARU13_20240625_062500.wav,1108.64,-3.77
LC_ARU13_20240625_062500.wav,1132.97,-3.73
LC_ARU13_20240625_062500.wav,1140.22,-4.12
LC_ARU13_20240625_062500.wav,1146.35,-3.71
LC_ARU13_20240625_062500.wav,1155.63,-4.09
LC_ARU13_20240625_062500.wav,1159.35,-3.73
LC_ARU13_20240625_062500.wav,1173.28,-3.56
LC_ARU13_20240625_062500.wav,1183.13,-4.2
LC_ARU13_20240625_062500.wav,1189.26,-3.76
LC_ARU13_20240625_062500.wav,1202.63,-3.66
LC_ARU13_20240625_062500.wav,1214.71,-4.16
LC_ARU13_20240625_062500.wav,1227.34,-3.72
LC_ARU13_20240625_062500.wav,1232.17,-4.1
LC_ARU13_20240625_062500.wav,1239.78,-4.22
LC_ARU13_20240625_062500.wav,1247.03,-4.09
LC_ARU13_20240625_062500.wav,1252.04,-4.15
LC_ARU13_20240625_062500.wav,1258.36,-4.15
LC_ARU13_20240625_062500.wav,1265.98,-3.77
LC_ARU13_20240625_062500.wav,1278.42,-3.64
LC_ARU13_20240625_062500.wav,1294.02,-4.05
LC_ARU13_20240625_062500.wav,1302.76,-3.61
LC_ARU13_20240625_062500.wav,1306.1,-4.18
LC_ARU13_20240625_062500.wav,1314.83,-3.54
LC_ARU13_20240625_062500.wav,1329.69,-3.59
LC_ARU13_20240625_062500.wav,1335.45,-5.54
LC_ARU13_20240625_062500.wav,1346.04,-3.69
LC_ARU13_20240625_062500.wav,1360.9,-3.6
LC_ARU13_20240625_062500.wav,1373.34,-3.65
LC_ARU13_20240625_062500.wav,1390.62,-3.64
LC_ARU13_20240625_062500.wav,1397.86,-4.2
LC_ARU13_20240625_062500.wav,1401.95,-5.48
LC_ARU13_20240625_062500.wav,1413.65,-3.51
LC_ARU13_20240625_062500.wav,1423.5,-4.17
LC_ARU13_20240625_062500.wav,1476.44,-3.71
LC_ARU13_20240625_062500.wav,1500.03,-4.27
LC_ARU13_20240625_062500.wav,1515.45,-4.23
LC_ARU13_20240625_062500.wav,1534.96,-3.63
LC_ARU13_20240625_062500.wav,1577.49,-3.91
LC_ARU13_20240625_062500.wav,1586.97,-4.41
LC_ARU13_20240625_062500.wav,1591.43,-3.67
LC_ARU13_20240625_062500.wav,1670.19,-3.58
LC_ARU13_20240625_062500.wav,1692.48,-3.66
LC_ARU13_20240625_062500.wav,1714.58,-3.54
LC_ARU13_20240625_062500.wav,1731.12,-3.59
LC_ARU13_20240707_062500.wav,25.84,-3.84
LC_ARU13_20240707_062500.wav,36.8,-4.03
LC_ARU13_20240707_062500.wav,41.08,-4.42
LC_ARU13_20240707_062500.wav,232.59,-3.78
LC_ARU13_20240707_062500.wav,267.52,-4.25
LC_ARU13_20240707_062500.wav,349.07,-4.17
LC_ARU13_20240707_062500.wav,357.24,-3.97
LC_ARU13_20240707_062500.wav,382.69,-4.68
LC_ARU13_20240707_062500.wav,415.57,-4.62
LC_ARU13_20240707_062500.wav,440.65,-4.24
LC_ARU13_20240707_062500.wav,453.09,-4.48
LC_ARU13_20240707_062500.wav,456.62,-4.27
LC_ARU13_20240707_062500.wav,470.37,-4.42
LC_ARU13_20240707_062500.wav,489.13,-3.87
LC_ARU13_20240707_062500.wav,534.83,-4.4
LC_ARU13_20240707_062500.wav,553.03,-3.73
LC_ARU13_20240707_062500.wav,573.46,-3.75
LC_ARU13_20240707_062500.wav,579.96,-4.13
LC_ARU13_20240707_062500.wav,635.51,-4.37
LC_ARU13_20240707_062500.wav,650.92,-4.55
LC_ARU13_20240707_062500.wav,660.96,-4.46
LC_ARU13_20240707_062500.wav,723.56,-4.18
LC_ARU13_20240707_062500.wav,739.35,-4.38
LC_ARU13_20240707_062500.wav,746.03,-4.82
LC_ARU13_20240707_062500.wav,792.47,-4.02
LC_ARU13_20240707_062500.wav,797.3,-3.25
LC_ARU13_20240707_062500.wav,820.34,-4.51
LC_ARU13_20240707_062500.wav,827.58,-5.1
LC_ARU13_20240707_062500.wav,849.87,-4.42
LC_ARU13_20240707_062500.wav,895.38,-4.59
LC_ARU13_20240707_062500.wav,976.38,-4.23
LC_ARU13_20240707_062500.wav,983.99,-5.09
LC_ARU13_20240707_062500.wav,990.49,-4.52
LC_ARU13_20240707_062500.wav,1138.36,-4.56
LC_ARU13_20240707_062500.wav,1158.23,-2.72
LC_ARU13_20240707_062500.wav,1177.55,-3.91
LC_ARU13_20240707_062500.wav,1216.93,-3.98
LC_ARU13_20240707_062500.wav,1223.99,-4.97
LC_ARU13_20240707_062500.wav,1265.98,-4.15
LC_ARU13_20240707_062500.wav,1280.84,-4.13
LC_ARU13_20240707_062500.wav,1303.13,-4.62
LC_ARU13_20240707_062500.wav,1319.66,-5.16
LC_ARU13_20240707_062500.wav,1335.08,-4.28
LC_ARU13_20240707_062500.wav,1367.77,-4.46
LC_ARU13_20240707_062500.wav,1370.37,-4.46
LC_ARU13_20240707_062500.wav,1373.9,-4.73
LC_ARU13_20240707_062500.wav,1379.85,-4.48
LC_ARU13_20240707_062500.wav,1396.75,-4.33
LC_ARU13_20240707_062500.wav,1462.88,-4.62
LC_ARU13_20240707_062500.wav,1514.89,-4.48
LC_ARU13_20240707_062500.wav,1569.32,-4.47
LC_ARU13_20240707_062500.wav,1604.43,-4.6
LC_ARU13_20240707_062500.wav,1616.69,-4.26
LC_ARU13_20240707_062500.wav,1656.44,-4.47
LC_ARU13_20240707_062500.wav,1669.82,-4.09
LC_ARU13_20240707_062500.wav,1682.26,-4.68
LC_ARU13_20240707_062500.wav,1705.48,-4.78
LC_ARU13_20240707_062500.wav,1725.73,-4.76
LC_ARU13_20240707_062500.wav,1736.88,-4.93
LC_ARU13_20240707_062500.wav,1745.24,-4.15
LC_ARU13_20240707_062500.wav,1754.52,-4.62
LC_ARU13_20240707_062500.wav,1764.18,-3.56
LC_ARU14_20240625_062500.wav,45.91,-5.39
LC_ARU14_20240625_062500.wav,63.92,-5.18
LC_ARU14_20240625_062500.wav,85.66,-5.22
LC_ARU14_20240625_062500.wav,104.79,-5.13
LC_ARU14_20240625_062500.wav,121.88,-5.06
LC_ARU14_20240625_062500.wav,313.96,-5.12
LC_ARU14_20240625_062500.wav,330.49,-5.07
LC_ARU14_20240625_062500.wav,342.75,-5.01
LC_ARU14_20240625_062500.wav,369.31,-5.1
LC_ARU14_20240625_062500.wav,389.56,-5.14
LC_ARU14_20240625_062500.wav,442.69,-5.03
LC_ARU14_20240625_062500.wav,476.5,-5.06
LC_ARU14_20240625_062500.wav,493.96,-5.42
LC_ARU14_20240625_062500.wav,510.49,-5.36
LC_ARU14_20240625_062500.wav,980.65,-5.6
LC_ARU14_20240625_062500.wav,991.05,-5.65
LC_ARU14_20240625_062500.wav,1006.84,-5.61
LC_ARU14_20240625_062500.wav,1020.22,-5.85
LC_ARU14_20240625_062500.wav,1050.12,-5.81
LC_ARU14_20240625_062500.wav,1414.95,-5.67
LC_ARU14_20240625_062500.wav,1442.63,-6.03
LC_ARU14_20240625_062500.wav,1725.54,-5.98
LC_ARU13_20240629_062500.wav,268.63,-5.23
LC_ARU13_20240629_062500.wav,526.47,-3.49
LC_ARU13_20240629_062500.wav,536.13,-3.79
LC_ARU13_20240629_062500.wav,583.31,-3.52
LC_ARU13_20240629_062500.wav,594.64,-3.62
LC_ARU13_20240629_062500.wav,603.74,-3.73
LC_ARU13_20240629_062500.wav,613.03,-3.53
LC_ARU13_20240629_062500.wav,636.62,-3.45
LC_ARU13_20240629_062500.wav,804.55,-3.58
LC_ARU13_20240629_062500.wav,816.25,-3.4
LC_ARU13_20240629_062500.wav,828.88,-3.35
LC_ARU13_20240629_062500.wav,840.77,-3.52
LC_ARU13_20240629_062500.wav,851.73,-3.47
LC_ARU13_20240629_062500.wav,863.62,-3.79
LC_ARU13_20240629_062500.wav,874.39,-3.37
LC_ARU13_20240629_062500.wav,892.04,-3.38
LC_ARU13_20240629_062500.wav,906.16,-3.43
LC_ARU13_20240629_062500.wav,935.51,-3.49
LC_ARU13_20240629_062500.wav,948.33,-3.38
LC_ARU13_20240629_062500.wav,959.66,-6.2
LC_ARU13_20240629_062500.wav,962.26,-3.68
LC_ARU13_20240629_062500.wav,975.45,-3.54
LC_ARU13_20240629_062500.wav,993.09,-3.53
LC_ARU13_20240629_062500.wav,1005.35,-3.6
LC_ARU13_20240629_062500.wav,1015.76,-3.6
LC_ARU13_20240629_062500.wav,1026.72,-3.44
LC_ARU13_20240629_062500.wav,1047.15,-3.78
LC_ARU13_20240629_062500.wav,1057.74,-3.59
LC_ARU13_20240629_062500.wav,1072.04,-3.4
LC_ARU13_20240629_062500.wav,1086.35,-3.85
LC_ARU13_20240629_062500.wav,1100.09,-5.9
LC_ARU13_20240629_062500.wav,1108.82,-3.57
LC_ARU13_20240629_062500.wav,1124.05,-3.48
LC_ARU13_20240629_062500.wav,1169.01,-3.51
LC_ARU13_20240629_062500.wav,1181.45,-3.43
LC_ARU13_20240629_062500.wav,1184.61,-3.7
LC_ARU13_20240629_062500.wav,1197.43,-3.39
LC_ARU13_20240629_062500.wav,1210.43,-3.51
LC_ARU13_20240629_062500.wav,1219.54,-4.31
LC_ARU13_20240629_062500.wav,1232.91,-3.51
LC_ARU13_20240629_062500.wav,1242.38,-3.57
LC_ARU13_20240629_062500.wav,1247.21,-5.6
LC_ARU13_20240629_062500.wav,1250.74,-3.52
LC_ARU13_20240629_062500.wav,1255.02,-3.58
LC_ARU13_20240629_062500.wav,1259.47,-5.49
LC_ARU13_20240629_062500.wav,1266.35,-3.25
LC_ARU13_20240629_062500.wav,1270.25,-3.63
LC_ARU13_20240629_062500.wav,1280.28,-3.28
LC_ARU13_20240629_062500.wav,1283.44,-3.39
LC_ARU13_20240629_062500.wav,1294.58,-3.47
LC_ARU13_20240629_062500.wav,1305.54,-5.55
LC_ARU13_20240629_062500.wav,1311.49,-3.45
LC_ARU13_20240629_062500.wav,1321.15,-3.48
LC_ARU13_20240629_062500.wav,1325.42,-3.49
LC_ARU13_20240629_062500.wav,1334.52,-3.44
LC_ARU13_20240629_062500.wav,1338.61,-3.3
LC_ARU13_20240629_062500.wav,1343.62,-3.65
LC_ARU13_20240629_062500.wav,1352.17,-3.27
LC_ARU13_20240629_062500.wav,1356.44,-3.55
LC_ARU13_20240629_062500.wav,1369.81,-3.66
LC_ARU13_20240629_062500.wav,1379.47,-4.72
LC_ARU13_20240629_062500.wav,1383.93,-3.65
LC_ARU13_20240629_062500.wav,1394.89,-4.22
LC_ARU13_20240629_062500.wav,1399.35,-3.4
LC_ARU13_20240629_062500.wav,1408.27,-3.62
LC_ARU13_20240629_062500.wav,1415.33,-3.49
LC_ARU13_20240629_062500.wav,1425.73,-3.34
LC_ARU13_20240629_062500.wav,1430,-3.6
LC_ARU13_20240629_062500.wav,1450.81,-3.52
LC_ARU13_20240629_062500.wav,1503.38,-3.66
LC_ARU13_20240629_062500.wav,1510.81,-3.33
LC_ARU13_20240629_062500.wav,1518.79,-3.55
LC_ARU13_20240629_062500.wav,1529.38,-5.38
LC_ARU13_20240629_062500.wav,1540.53,-3.66
LC_ARU13_20240629_062500.wav,1550.37,-3.59
LC_ARU13_20240629_062500.wav,1553.16,-3.53
LC_ARU13_20240629_062500.wav,1564.49,-3.38
LC_ARU13_20240629_062500.wav,1594.4,-3.91
LC_ARU13_20240629_062500.wav,1607.03,-3.63
LC_ARU13_20240629_062500.wav,1617.8,-3.16
LC_ARU13_20240629_062500.wav,1634.52,-3.54
LC_ARU13_20240629_062500.wav,1644.74,-3.57
LC_ARU13_20240629_062500.wav,1648.83,-3.4
LC_ARU13_20240629_062500.wav,1667.22,-3.42
LC_ARU13_20240629_062500.wav,1679.85,-3.36
LC_ARU13_20240629_062500.wav,1713.66,-5.74
LC_ARU13_20240629_062500.wav,1720.16,-3.71
LC_ARU13_20240629_062500.wav,1734.09,-3.64
LC_ARU13_20240629_062500.wav,1738.55,-5.56
LC_ARU13_20240629_062500.wav,1752.29,-5.5
LC_ARU13_20240629_062500.wav,1766.41,-5.5
LC_ARU14_20240629_062500.wav,182.25,-5.66
LC_ARU14_20240629_062500.wav,271.42,-5.92
LC_ARU14_20240629_062500.wav,289.99,-5.96
LC_ARU14_20240629_062500.wav,629.01,-6.22
LC_ARU14_20240629_062500.wav,639.59,-6.16
LC_ARU14_20240629_062500.wav,730.62,-5.98
LC_ARU14_20240629_062500.wav,805.48,-5.99
LC_ARU14_20240629_062500.wav,817.55,-6.05
LC_ARU14_20240629_062500.wav,919.53,-4.91
LC_ARU14_20240629_062500.wav,988.26,-6.16
LC_ARU14_20240629_062500.wav,999.6,-6.22
LC_ARU14_20240629_062500.wav,1015.01,-5.65
LC_ARU14_20240629_062500.wav,1023.74,-5.67
LC_ARU13_20240703_062500.wav,476.68,-4.64
LC_ARU13_20240703_062500.wav,628.08,-4.98
LC_ARU13_20240703_062500.wav,680.09,-5.56
LC_ARU13_20240703_062500.wav,778.73,-5.95
LC_ARU13_20240703_062500.wav,1031.55,-5.86
LC_ARU13_20240703_062500.wav,1280.65,-5.83
LC_ARU13_20240703_062500.wav,1317.06,-6.23
LC_ARU13_20240703_062500.wav,1390.62,-5.56
LC_ARU13_20240703_062500.wav,1451.36,-5.47
LC_ARU13_20240703_062500.wav,1668.89,-5.59
LC_ARU13_20240703_062500.wav,1712.17,-5.55
LC_ARU13_20240703_062500.wav,1761.4,-5.59
LC_ARU14_20240707_062500.wav,137.67,-4.75
LC_ARU14_20240707_062500.wav,164.05,-5.16
LC_ARU14_20240707_062500.wav,334.39,-5.23
LC_ARU14_20240707_062500.wav,528.51,-5.52
LC_ARU14_20240707_062500.wav,1285.29,-6.25
LC_ARU15_20240625_062500.wav,4.48,-4.51
LC_ARU15_20240625_062500.wav,29.74,-4.25
LC_ARU15_20240625_062500.wav,273.28,-5.25
LC_ARU15_20240625_062500.wav,367.08,-4.42
LC_ARU15_20240625_062500.wav,381.57,-4.21
LC_ARU15_20240625_062500.wav,394.58,-4.21
LC_ARU15_20240625_062500.wav,410.74,-4.23
LC_ARU15_20240625_062500.wav,425.78,-4.34
LC_ARU15_20240625_062500.wav,443.43,-4.42
LC_ARU15_20240625_062500.wav,480.95,-4.53
LC_ARU15_20240625_062500.wav,693.65,-4.34
LC_ARU15_20240625_062500.wav,721.7,-4.3
LC_ARU15_20240625_062500.wav,748.08,-4.15
LC_ARU15_20240625_062500.wav,762.75,-4.17
LC_ARU15_20240625_062500.wav,780.77,-4.16
LC_ARU15_20240625_062500.wav,825.91,-4.08
LC_ARU15_20240625_062500.wav,840.4,-4.04
LC_ARU15_20240625_062500.wav,854.15,-4.15
LC_ARU15_20240625_062500.wav,962.63,-5.75
LC_ARU15_20240625_062500.wav,970.06,-4.29
LC_ARU15_20240625_062500.wav,1434.09,-4.48
LC_ARU15_20240625_062500.wav,1479.41,-4.62
LC_ARU15_20240625_062500.wav,1492.42,-4.64
LC_ARU15_20240625_062500.wav,1512.48,-4.64
LC_ARU15_20240625_062500.wav,1556.32,-4.62
LC_ARU15_20240625_062500.wav,1568.39,-4.64
LC_ARU15_20240625_062500.wav,1583.62,-4.69
LC_ARU15_20240625_062500.wav,1602.2,-4.65
LC_ARU15_20240625_062500.wav,1632.11,-4.64
LC_ARU15_20240625_062500.wav,1656.44,-4.63
LC_ARU15_20240625_062500.wav,1671.3,-4.38
LC_ARU15_20240625_062500.wav,1716.26,-4.69
LC_ARU15_20240625_062500.wav,1731.49,-4.69
LC_ARU15_20240629_062500.wav,8.2,-4.66
LC_ARU15_20240629_062500.wav,193.77,-3.79
LC_ARU15_20240629_062500.wav,227.02,-4
LC_ARU15_20240629_062500.wav,304.11,-4.8
LC_ARU15_20240629_062500.wav,474.08,-4.99
LC_ARU15_20240629_062500.wav,650,-5.51
LC_ARU15_20240629_062500.wav,671.17,-4.62
LC_ARU15_20240629_062500.wav,703.12,-4.7
LC_ARU15_20240629_062500.wav,721.14,-5.03
LC_ARU15_20240629_062500.wav,734.33,-5.37
LC_ARU15_20240629_062500.wav,767.95,-5.83
LC_ARU15_20240629_062500.wav,966.9,-6.14
LC_ARU15_20240629_062500.wav,1207.65,-5.44
LC_ARU15_20240629_062500.wav,1237.93,-5.79
LC_ARU15_20240629_062500.wav,1286.97,-5.82
LC_ARU15_20240629_062500.wav,1299.04,-5.87
LC_ARU15_20240629_062500.wav,1410.5,-5.66
LC_ARU15_20240629_062500.wav,1502.08,-5.55
LC_ARU15_20240629_062500.wav,1785.92,-6.18
LC_ARU15_20240629_062500.wav,1797.8,-5.92
LC_ARU16_20240625_062500.wav,942.57,-5.59
LC_ARU16_20240625_062500.wav,961.14,-5.71
LC_ARU16_20240625_062500.wav,997,-5.77
LC_ARU16_20240625_062500.wav,1011.86,-5.96
LC_ARU16_20240625_062500.wav,1072.41,-5.46
LC_ARU16_20240625_062500.wav,1099.72,-5.54
LC_ARU16_20240625_062500.wav,1122.75,-5.53
LC_ARU16_20240625_062500.wav,1147.65,-5.57
LC_ARU16_20240625_062500.wav,1161.21,-5.44
LC_ARU16_20240625_062500.wav,1180.15,-5.95
LC_ARU16_20240625_062500.wav,1202.63,-5.64
LC_ARU16_20240625_062500.wav,1272.48,-5.57
LC_ARU16_20240625_062500.wav,1286.41,-5.4
LC_ARU16_20240625_062500.wav,1329.32,-5.51
LC_ARU16_20240625_062500.wav,1418.3,-5.76
LC_ARU16_20240625_062500.wav,1460.84,-6.09
LC_ARU16_20240625_062500.wav,1485.91,-5.92
LC_ARU16_20240703_062500.wav,733.03,-5.88
LC_ARU16_20240703_062500.wav,982.32,-6.11
LC_ARU16_20240707_062500.wav,796,-6.16
LC_ARU16_20240707_062500.wav,1439.29,-6.1
LC_ARU16_20240707_062500.wav,1444.3,-6.03
LC_ARU16_20240629_062500.wav,191.17,-5.83
LC_ARU16_20240629_062500.wav,229.99,-5.39
LC_ARU16_20240629_062500.wav,320.27,-5.98
LC_ARU16_20240629_062500.wav,353.9,-5.5
LC_ARU16_20240629_062500.wav,399.59,-5.43
LC_ARU16_20240629_062500.wav,1320.96,-6.26
LC_ARU17_20240629_062500.wav,9.68,-4.93
LC_ARU17_20240629_062500.wav,69.68,-4.73
LC_ARU17_20240629_062500.wav,118.91,-4.52
LC_ARU17_20240629_062500.wav,144.54,-5.03
LC_ARU17_20240629_062500.wav,184.3,-5.15
LC_ARU17_20240629_062500.wav,232.04,-4.9
LC_ARU17_20240629_062500.wav,235.94,-3.33
LC_ARU17_20240629_062500.wav,265.47,-4.21
LC_ARU17_20240629_062500.wav,287.95,-4.76
LC_ARU17_20240629_062500.wav,313.96,-4.05
LC_ARU17_20240629_062500.wav,382.87,-4.6
LC_ARU17_20240629_062500.wav,397.18,-2.9
LC_ARU17_20240629_062500.wav,541.51,-4.06
LC_ARU17_20240629_062500.wav,568.26,-4.11
LC_ARU17_20240629_062500.wav,578.85,-3.93
LC_ARU17_20240629_062500.wav,634.76,-5.12
LC_ARU17_20240629_062500.wav,637.92,-4.75
LC_ARU17_20240629_062500.wav,660.77,-5.22
LC_ARU17_20240629_062500.wav,677.86,-5.04
LC_ARU17_20240629_062500.wav,817.37,-4.15
LC_ARU17_20240629_062500.wav,870.31,-4.54
LC_ARU17_20240629_062500.wav,888.33,-4.86
LC_ARU17_20240629_062500.wav,907.46,-5.45
LC_ARU17_20240629_062500.wav,927.71,-4.84
LC_ARU17_20240629_062500.wav,1017.8,-3.04
LC_ARU17_20240629_062500.wav,1023.37,-5.62
LC_ARU17_20240629_062500.wav,1042.51,-2.89
LC_ARU17_20240629_062500.wav,1048.64,-4.75
LC_ARU17_20240629_062500.wav,1086.53,-4.99
LC_ARU17_20240629_062500.wav,1115.51,-5.5
LC_ARU17_20240629_062500.wav,1130,-4.77
LC_ARU17_20240629_062500.wav,1255.76,-3.3
LC_ARU17_20240629_062500.wav,1266.72,-2.93
LC_ARU17_20240629_062500.wav,1337.68,-3.71
LC_ARU17_20240629_062500.wav,1361.08,-4.81
LC_ARU17_20240629_062500.wav,1369.81,-3.43
LC_ARU17_20240629_062500.wav,1421.83,-4.96
LC_ARU17_20240629_062500.wav,1475.7,-5.52
LC_ARU17_20240629_062500.wav,1514.15,-5.07
LC_ARU17_20240629_062500.wav,1560.4,-4.62
LC_ARU17_20240629_062500.wav,1576.57,-4.57
LC_ARU17_20240629_062500.wav,1723.5,-5.02
LC_ARU17_20240629_062500.wav,1730,-4.41
LC_ARU17_20240629_062500.wav,1787.4,-5.02
LC_ARU17_20240625_062500.wav,19.71,-4.85
LC_ARU17_20240625_062500.wav,55.94,-5.54
LC_ARU17_20240625_062500.wav,87.7,-0.47
LC_ARU17_20240625_062500.wav,98.66,-0.45
LC_ARU17_20240625_062500.wav,109.06,-0.49
LC_ARU17_20240625_062500.wav,123.37,-0.51
LC_ARU17_20240625_062500.wav,129.68,-5.8
LC_ARU17_20240625_062500.wav,136,-0.46
LC_ARU17_20240625_062500.wav,145.47,-4.43
LC_ARU17_20240625_062500.wav,149.37,-4.95
LC_ARU17_20240625_062500.wav,157.18,-0.45
LC_ARU17_20240625_062500.wav,162.38,-5.77
LC_ARU17_20240625_062500.wav,167.76,-0.45
LC_ARU17_20240625_062500.wav,181.7,-0.5
LC_ARU17_20240625_062500.wav,194.89,-0.47
LC_ARU17_20240625_062500.wav,209.56,-0.45
LC_ARU17_20240625_062500.wav,228.32,-0.5
LC_ARU17_20240625_062500.wav,242.25,-0.45
LC_ARU17_20240625_062500.wav,253.77,-5.08
LC_ARU17_20240625_062500.wav,274.2,-0.58
LC_ARU17_20240625_062500.wav,283.68,-4.87
LC_ARU17_20240625_062500.wav,299.1,-0.46
LC_ARU17_20240625_062500.wav,314.33,-0.5
LC_ARU17_20240625_062500.wav,327.15,-0.49
LC_ARU17_20240625_062500.wav,340.89,-0.5
LC_ARU17_20240625_062500.wav,358.35,-0.48
LC_ARU17_20240625_062500.wav,375.26,-0.51
LC_ARU17_20240625_062500.wav,390.86,-0.51
LC_ARU17_20240625_062500.wav,404.61,-0.52
LC_ARU17_20240625_062500.wav,416.87,-0.55
LC_ARU17_20240625_062500.wav,423.37,-5.27
LC_ARU17_20240625_062500.wav,427.27,-0.56
LC_ARU17_20240625_062500.wav,434.89,-5.24
LC_ARU17_20240625_062500.wav,446.59,-0.48
LC_ARU17_20240625_062500.wav,452.16,-4.62
LC_ARU17_20240625_062500.wav,476.5,-4.95
LC_ARU17_20240625_062500.wav,481.51,-0.56
LC_ARU17_20240625_062500.wav,499.35,-0.48
LC_ARU17_20240625_062500.wav,527.02,-4.89
LC_ARU17_20240625_062500.wav,546.9,-4.75
LC_ARU17_20240625_062500.wav,563.62,-0.5
LC_ARU17_20240625_062500.wav,572.72,-4.53
LC_ARU17_20240625_062500.wav,587.77,-4.78
LC_ARU17_20240625_062500.wav,592.6,-0.52
LC_ARU17_20240625_062500.wav,607.46,-0.54
LC_ARU17_20240625_062500.wav,619.72,-0.49
LC_ARU17_20240625_062500.wav,631.42,-5.13
LC_ARU17_20240625_062500.wav,665.23,-4.89
LC_ARU17_20240625_062500.wav,681.95,-4.94
LC_ARU17_20240625_062500.wav,699.59,-4.97
LC_ARU17_20240625_062500.wav,716.87,-4.98
LC_ARU17_20240625_062500.wav,723.93,-4.69
LC_ARU17_20240625_062500.wav,734.15,-5.05
LC_ARU17_20240625_062500.wav,758.11,-4.76
LC_ARU17_20240625_062500.wav,779.47,-4.87
LC_ARU17_20240625_062500.wav,831.67,-5.02
LC_ARU17_20240625_062500.wav,887.58,-5.24
LC_ARU17_20240625_062500.wav,964.49,-0.48
LC_ARU17_20240625_062500.wav,977.86,-0.46
LC_ARU17_20240625_062500.wav,994.58,-0.48
LC_ARU17_20240625_062500.wav,1005.17,-0.43
LC_ARU17_20240625_062500.wav,1032.48,-0.43
LC_ARU17_20240625_062500.wav,1043.62,-0.46
LC_ARU17_20240625_062500.wav,1055.32,-0.45
LC_ARU17_20240625_062500.wav,1067.21,-0.5
LC_ARU17_20240625_062500.wav,1080.96,-0.51
LC_ARU17_20240625_062500.wav,1094.89,-0.47
LC_ARU17_20240625_062500.wav,1112.72,-0.48
LC_ARU17_20240625_062500.wav,1133.16,-0.56
LC_ARU17_20240625_062500.wav,1147.46,-0.5
LC_ARU17_20240625_062500.wav,1175.88,-0.49
LC_ARU17_20240625_062500.wav,1190.74,-0.5
LC_ARU17_20240625_062500.wav,1206.72,-0.44
LC_ARU17_20240625_062500.wav,1226.59,-0.48
LC_ARU17_20240625_062500.wav,1259.66,-0.52
LC_ARU17_20240625_062500.wav,1273.41,-0.48
LC_ARU17_20240625_062500.wav,1710.68,-4.91
LC_ARU17_20240625_062500.wav,1731.3,-5.89
LC_ARU17_20240625_062500.wav,1739.85,-4.98
LC_ARU17_20240625_062500.wav,1748.58,-5.86
LC_ARU17_20240625_062500.wav,1787.22,-5.12
LC_ARU17_20240703_062500.wav,20.64,-3.9
LC_ARU17_20240703_062500.wav,35.13,-3.98
LC_ARU17_20240703_062500.wav,52.41,-3.83
LC_ARU17_20240703_062500.wav,74.14,-3.93
LC_ARU17_20240703_062500.wav,107.21,-4.05
LC_ARU17_20240703_062500.wav,118.91,-4.23
LC_ARU17_20240703_062500.wav,128.01,-3.75
LC_ARU17_20240703_062500.wav,134.33,-4.08
LC_ARU17_20240703_062500.wav,164.05,-3.98
LC_ARU17_20240703_062500.wav,197.67,-3.99
LC_ARU17_20240703_062500.wav,212.9,-4.15
LC_ARU17_20240703_062500.wav,234.45,-3.75
LC_ARU17_20240703_062500.wav,271.6,-3.83
LC_ARU17_20240703_062500.wav,277.36,-3.81
LC_ARU17_20240703_062500.wav,329.93,-3.81
LC_ARU17_20240703_062500.wav,344.79,-3.71
LC_ARU17_20240703_062500.wav,354.64,-3.85
LC_ARU17_20240703_062500.wav,381.95,-4.03
LC_ARU17_20240703_062500.wav,393.09,-4.63
LC_ARU17_20240703_062500.wav,429.13,-3.85
LC_ARU17_20240703_062500.wav,486.71,-4.29
LC_ARU17_20240703_062500.wav,538.17,-3.65
LC_ARU17_20240703_062500.wav,616.37,-3.82
LC_ARU17_20240703_062500.wav,644.61,-4.29
LC_ARU17_20240703_062500.wav,661.51,-4.44
LC_ARU17_20240703_062500.wav,728.39,-4.09
LC_ARU17_20240703_062500.wav,734.89,-4.21
LC_ARU17_20240703_062500.wav,752.35,-4.02
LC_ARU17_20240703_062500.wav,757.92,-4.31
LC_ARU17_20240703_062500.wav,771.48,-4.09
LC_ARU17_20240703_062500.wav,787.27,-4.31
LC_ARU17_20240703_062500.wav,795.82,-4.04
LC_ARU17_20240703_062500.wav,819.04,-4.15
LC_ARU17_20240703_062500.wav,824.8,-4.13
LC_ARU17_20240703_062500.wav,833.71,-4.38
LC_ARU17_20240703_062500.wav,847.46,-4.1
LC_ARU17_20240703_062500.wav,854.7,-4
LC_ARU17_20240703_062500.wav,867.33,-3.8
LC_ARU17_20240703_062500.wav,882.2,-3.94
LC_ARU17_20240703_062500.wav,886.28,-3.63
LC_ARU17_20240703_062500.wav,909.87,-3.83
LC_ARU17_20240703_062500.wav,983.99,-4.15
LC_ARU17_20240703_062500.wav,1038.61,-4.52
LC_ARU17_20240703_062500.wav,1051.24,-4.2
LC_ARU17_20240703_062500.wav,1059.22,-4.62
LC_ARU17_20240703_062500.wav,1065.91,-4.4
LC_ARU17_20240703_062500.wav,1074.09,-3.98
LC_ARU17_20240703_062500.wav,1100.83,-4.14
LC_ARU17_20240703_062500.wav,1110.87,-4.19
LC_ARU17_20240703_062500.wav,1118.85,-3.81
LC_ARU17_20240703_062500.wav,1137.06,-4.07
LC_ARU17_20240703_062500.wav,1142.07,-4.58
LC_ARU17_20240703_062500.wav,1156.01,-4.09
LC_ARU17_20240703_062500.wav,1161.95,-4.2
LC_ARU17_20240703_062500.wav,1182.38,-4
LC_ARU17_20240703_062500.wav,1190.56,-3.96
LC_ARU17_20240703_062500.wav,1205.79,-4.14
LC_ARU17_20240703_062500.wav,1213.03,-4.08
LC_ARU17_20240703_062500.wav,1222.88,-4.36
LC_ARU17_20240703_062500.wav,1227.89,-4.24
LC_ARU17_20240703_062500.wav,1251.67,-4.11
LC_ARU17_20240703_062500.wav,1265.79,-4.36
LC_ARU17_20240703_062500.wav,1272.11,-3.92
LC_ARU17_20240703_062500.wav,1291.24,-5.53
LC_ARU17_20240703_062500.wav,1308.51,-4.16
LC_ARU17_20240703_062500.wav,1327.46,-3.88
LC_ARU17_20240703_062500.wav,1335.64,-4.04
LC_ARU17_20240703_062500.wav,1346.97,-4.19
LC_ARU17_20240703_062500.wav,1354.77,-4.04
LC_ARU17_20240703_062500.wav,1374.64,-3.88
LC_ARU17_20240703_062500.wav,1381.52,-3.88
LC_ARU17_20240703_062500.wav,1389.51,-4.24
LC_ARU17_20240703_062500.wav,1402.32,-4.51
LC_ARU17_20240703_062500.wav,1415.7,-4.26
LC_ARU17_20240703_062500.wav,1425.73,-4.45
LC_ARU17_20240703_062500.wav,1434.64,-4.02
LC_ARU17_20240703_062500.wav,1479.78,-3.94
LC_ARU17_20240703_062500.wav,1521.77,-4.03
LC_ARU17_20240703_062500.wav,1535.33,-3.85
LC_ARU17_20240703_062500.wav,1550.74,-3.97
LC_ARU17_20240703_062500.wav,1576.01,-4.08
LC_ARU17_20240703_062500.wav,1616.13,-4.32
LC_ARU17_20240703_062500.wav,1631.74,-4.12
LC_ARU17_20240703_062500.wav,1662.39,-4.13
LC_ARU17_20240703_062500.wav,1666.66,-4.07
LC_ARU17_20240703_062500.wav,1675.95,-3.94
LC_ARU17_20240703_062500.wav,1711.8,-4.23
LC_ARU17_20240703_062500.wav,1715.51,-3.92
LC_ARU17_20240703_062500.wav,1727.4,-4.04
LC_ARU17_20240703_062500.wav,1740.78,-4.05
LC_ARU17_20240703_062500.wav,1754.89,-4.05
LC_ARU17_20240703_062500.wav,1759.54,-3.93
LC_ARU17_20240703_062500.wav,1764,-4.18
LC_ARU17_20240703_062500.wav,1772.36,-4.7
LC_ARU17_20240703_062500.wav,1795.95,-4.33
LC_ARU18_20240707_062500.wav,292.41,-4.45
LC_ARU18_20240707_062500.wav,331.42,-4.67
LC_ARU18_20240707_062500.wav,347.39,-4.68
LC_ARU18_20240707_062500.wav,487.83,-4.26
LC_ARU18_20240707_062500.wav,736.37,-5.42
LC_ARU18_20240707_062500.wav,778.17,-5.61
LC_ARU18_20240707_062500.wav,804.55,-5.59
LC_ARU18_20240707_062500.wav,936.25,-5.17
LC_ARU18_20240707_062500.wav,997.74,-5.3
LC_ARU18_20240707_062500.wav,1160.84,-5.15
LC_ARU18_20240707_062500.wav,1257.8,-5.07
LC_ARU18_20240707_062500.wav,1286.78,-5.04
LC_ARU18_20240707_062500.wav,1294.02,-5.81
LC_ARU18_20240707_062500.wav,1300.53,-5.48
LC_ARU17_20240707_062500.wav,29,-2.5
LC_ARU17_20240707_062500.wav,53.89,-2.46
LC_ARU17_20240707_062500.wav,97.18,-2.64
LC_ARU17_20240707_062500.wav,123,-2.49
LC_ARU17_20240707_062500.wav,140.64,-3.38
LC_ARU17_20240707_062500.wav,154.02,-2.62
LC_ARU17_20240707_062500.wav,169.81,-2.56
LC_ARU17_20240707_062500.wav,190.24,-2.51
LC_ARU17_20240707_062500.wav,783,-5.29
LC_ARU17_20240707_062500.wav,879.41,-5.11
LC_ARU17_20240707_062500.wav,882.01,-5.11
LC_ARU17_20240707_062500.wav,918.05,-4.78
LC_ARU17_20240707_062500.wav,933.84,-5.02
LC_ARU17_20240707_062500.wav,947.95,-4.78
LC_ARU17_20240707_062500.wav,962.26,-5.76
LC_ARU17_20240707_062500.wav,1031.36,-5.19
LC_ARU17_20240707_062500.wav,1075.01,-5.08
LC_ARU17_20240707_062500.wav,1121.27,-5.49
LC_ARU17_20240707_062500.wav,1139.84,-4.49
LC_ARU17_20240707_062500.wav,1163.25,-6.39
LC_ARU17_20240707_062500.wav,1186.66,-5.9
LC_ARU17_20240707_062500.wav,1288.64,-4.72
LC_ARU17_20240707_062500.wav,1370.93,-5.69
LC_ARU17_20240707_062500.wav,1511.36,-5.85
LC_ARU17_20240707_062500.wav,1550.37,-5.71
LC_ARU17_20240707_062500.wav,1586.97,-5.91
LC_ARU17_20240707_062500.wav,1652.17,-6.33
LC_ARU17_20240707_062500.wav,1704.93,-5.56
LC_ARU18_20240625_062500.wav,86.77,-5.05
LC_ARU18_20240625_062500.wav,118.91,-5.26
LC_ARU18_20240625_062500.wav,131.91,-5.17
LC_ARU18_20240625_062500.wav,153.83,-4.97
LC_ARU18_20240625_062500.wav,177.05,-5.05
LC_ARU18_20240625_062500.wav,186.71,-5.18
LC_ARU18_20240625_062500.wav,215.5,-5.13
LC_ARU18_20240625_062500.wav,226.28,-4.86
LC_ARU18_20240625_062500.wav,254.14,-4.98
LC_ARU18_20240625_062500.wav,337.36,-5.29
LC_ARU18_20240625_062500.wav,353.9,-5.22
LC_ARU18_20240625_062500.wav,366.53,-5.26
LC_ARU18_20240625_062500.wav,386.77,-5.3
LC_ARU18_20240625_062500.wav,406.09,-5.47
LC_ARU18_20240625_062500.wav,503.43,-4.54
LC_ARU18_20240625_062500.wav,520.52,-5.21
LC_ARU18_20240625_062500.wav,532.04,-5.26
LC_ARU18_20240625_062500.wav,579.59,-5.21
LC_ARU18_20240625_062500.wav,602.07,-4.95
LC_ARU18_20240625_062500.wav,617.67,-4.77
LC_ARU18_20240625_062500.wav,631.05,-4.79
LC_ARU18_20240625_062500.wav,686.78,-5.13
LC_ARU18_20240625_062500.wav,698.85,-5.26
LC_ARU18_20240625_062500.wav,731.36,-5.03
LC_ARU18_20240625_062500.wav,783.37,-4.77
LC_ARU18_20240625_062500.wav,800.65,-4.82
LC_ARU18_20240625_062500.wav,823.31,-4.72
LC_ARU18_20240625_062500.wav,839.66,-4.74
LC_ARU18_20240625_062500.wav,1059.22,-5.88
LC_ARU18_20240625_062500.wav,1104.92,-5.74
LC_ARU18_20240625_062500.wav,1115.7,-5.79
LC_ARU18_20240625_062500.wav,1352.72,-5.77
LC_ARU18_20240625_062500.wav,1379.85,-5.76
LC_ARU18_20240625_062500.wav,1463.25,-5.52
LC_ARU18_20240625_062500.wav,1478.86,-5.51
LC_ARU18_20240625_062500.wav,1509.51,-5.66
LC_ARU18_20240625_062500.wav,1542.01,-5.28
LC_ARU18_20240625_062500.wav,1590.5,-5.95
LC_ARU18_20240625_062500.wav,1638.98,-5.44
LC_ARU18_20240625_062500.wav,1650.31,-5.66
LC_ARU18_20240625_062500.wav,1709.94,-5.12
LC_ARU18_20240629_062500.wav,648.51,-4.37
LC_ARU18_20240629_062500.wav,679.53,-4.17
LC_ARU18_20240629_062500.wav,773.71,-4.33
LC_ARU18_20240629_062500.wav,830.18,-3.95
LC_ARU18_20240629_062500.wav,1002.01,-4.18
LC_ARU18_20240629_062500.wav,1102.69,-4.53
LC_ARU18_20240629_062500.wav,1168.64,-4.2
LC_ARU18_20240629_062500.wav,1250.74,-4.09
LC_ARU18_20240629_062500.wav,1281.95,-4.1
LC_ARU18_20240629_062500.wav,1301.27,-4.23
LC_ARU18_20240629_062500.wav,1341.39,-4.17
LC_ARU18_20240629_062500.wav,1447.46,-4.25
LC_ARU18_20240629_062500.wav,1466.41,-4.28
LC_ARU18_20240629_062500.wav,1541.27,-3.97
LC_ARU18_20240629_062500.wav,1570.99,-4.15
LC_ARU18_20240629_062500.wav,1745.79,-4.1
LC_ARU18_20240629_062500.wav,1791.49,-4.26
LC_ARU18_20240707_062500.wav,292.41,-4.45
LC_ARU18_20240707_062500.wav,331.42,-4.67
LC_ARU18_20240707_062500.wav,347.39,-4.68
LC_ARU18_20240707_062500.wav,487.83,-4.26
LC_ARU18_20240707_062500.wav,736.37,-5.42
LC_ARU18_20240707_062500.wav,778.17,-5.61
LC_ARU18_20240707_062500.wav,804.55,-5.59
LC_ARU18_20240707_062500.wav,936.25,-5.17
LC_ARU18_20240707_062500.wav,997.74,-5.3
LC_ARU18_20240707_062500.wav,1160.84,-5.15
LC_ARU18_20240707_062500.wav,1257.8,-5.07
LC_ARU18_20240707_062500.wav,1286.78,-5.04
LC_ARU18_20240707_062500.wav,1294.02,-5.81
LC_ARU18_20240707_062500.wav,1300.53,-5.48
LC_ARU19_20240707_062500.wav,1085.79,-5.85
LC_ARU19_20240707_062500.wav,1178.11,-5.23
LC_ARU19_20240707_062500.wav,1331.92,-5.31
LC_ARU19_20240707_062500.wav,1455.08,-5.36
LC_ARU19_20240707_062500.wav,1536.26,-5.32
LC_ARU19_20240707_062500.wav,1568.02,-4.34
LC_ARU19_20240707_062500.wav,1613.9,-4.23
LC_ARU19_20240707_062500.wav,1778.86,-4.87
LC_ARU20_20240625_062500.wav,1524.92,-5.96
LC_ARU20_20240625_062500.wav,1606.84,-3.97
LC_ARU20_20240625_062500.wav,1678.18,-5.65
LC_ARU19_20240625_062500.wav,753.65,-5.8
LC_ARU19_20240625_062500.wav,1204.3,-4.96
LC_ARU20_20240629_062500.wav,189.87,-2.71
LC_ARU20_20240629_062500.wav,510.86,-3.91
LC_ARU20_20240629_062500.wav,545.23,-4
LC_ARU20_20240629_062500.wav,686.96,-3.18
LC_ARU20_20240629_062500.wav,699.78,-3.71
LC_ARU20_20240629_062500.wav,770.37,-3.57
LC_ARU20_20240629_062500.wav,781.7,-3.33
LC_ARU20_20240629_062500.wav,794.7,-3.56
LC_ARU20_20240629_062500.wav,822.75,-3.73
LC_ARU20_20240629_062500.wav,981.02,-3.24
LC_ARU20_20240629_062500.wav,1100.83,-3.65
LC_ARU20_20240629_062500.wav,1321.7,-3.73
LC_ARU20_20240629_062500.wav,1361.64,-2.43
LC_ARU20_20240629_062500.wav,1716.81,-3.78
LC_ARU20_20240629_062500.wav,1787.4,-3.21
LC_ARU19_20240703_062500.wav,732.29,-4.09
LC_ARU19_20240703_062500.wav,749.01,-5.3
LC_ARU19_20240629_062500.wav,1211.36,-6.24
LC_ARU19_20240629_062500.wav,1493.9,-5.68
LC_ARU20_20240703_062500.wav,1620.59,-5.38
LC_ARU20_20240703_062500.wav,1692.29,-6.21
LC_ARU20_20240703_062500.wav,1708.45,-5.7
LC_ARU20_20240703_062500.wav,1759.54,-6.27
LC_ARU20_20240703_062500.wav,1773.66,-5.92
LC_ARU21_20240629_062500.wav,644.42,-5.77
LC_ARU21_20240629_062500.wav,829.63,-6.03
LC_ARU21_20240629_062500.wav,948.14,-5.43
LC_ARU21_20240629_062500.wav,1000.52,-5.65
LC_ARU21_20240703_062500.wav,134.14,-3.6
LC_ARU21_20240703_062500.wav,225.91,-3.01
LC_ARU21_20240703_062500.wav,237.24,-3.21
LC_ARU21_20240703_062500.wav,530.18,-3.54
LC_ARU21_20240703_062500.wav,543.74,-3.74
LC_ARU21_20240703_062500.wav,684.18,-3.58
LC_ARU21_20240703_062500.wav,746.22,-4.31
LC_ARU21_20240703_062500.wav,763.68,-4.57
LC_ARU21_20240703_062500.wav,774.27,-4.65
LC_ARU21_20240703_062500.wav,791.17,-4.58
LC_ARU21_20240703_062500.wav,818.11,-4.35
LC_ARU21_20240703_062500.wav,843.93,-4.13
LC_ARU21_20240703_062500.wav,855.82,-4.13
LC_ARU21_20240703_062500.wav,869.38,-4.48
LC_ARU21_20240703_062500.wav,901.14,-4.67
LC_ARU21_20240703_062500.wav,924.73,-3.96
LC_ARU21_20240703_062500.wav,936.99,-4.11
LC_ARU21_20240703_062500.wav,947.58,-4.12
LC_ARU21_20240703_062500.wav,986.59,-4.2
LC_ARU21_20240703_062500.wav,999.6,-4.2
LC_ARU21_20240703_062500.wav,1012.41,-4.41
LC_ARU21_20240703_062500.wav,1023.93,-4.1
LC_ARU21_20240703_062500.wav,1062.01,-4.23
LC_ARU21_20240703_062500.wav,1072.79,-4.47
LC_ARU21_20240703_062500.wav,1093.4,-4.01
LC_ARU21_20240703_062500.wav,1104.92,-4.28
LC_ARU21_20240703_062500.wav,1118.11,-4.07
LC_ARU21_20240703_062500.wav,1130.93,-3.91
LC_ARU21_20240703_062500.wav,1219.16,-4.31
LC_ARU21_20240703_062500.wav,1229.75,-4.37
LC_ARU21_20240703_062500.wav,1239.6,-4.25
LC_ARU21_20240703_062500.wav,1250.19,-3.84
LC_ARU21_20240703_062500.wav,1262.45,-4.41
LC_ARU21_20240703_062500.wav,1319.29,-4.28
LC_ARU21_20240703_062500.wav,1334.52,-4.57
LC_ARU21_20240703_062500.wav,1348.45,-4.14
LC_ARU21_20240703_062500.wav,1391.36,-4.24
LC_ARU21_20240703_062500.wav,1414.4,-4.3
LC_ARU21_20240703_062500.wav,1427.03,-4.1
LC_ARU21_20240703_062500.wav,1470.12,-4.09
LC_ARU21_20240703_062500.wav,1504.49,-4.2
LC_ARU21_20240703_062500.wav,1517.12,-4.57
LC_ARU21_20240703_062500.wav,1555.39,-4.23
LC_ARU21_20240703_062500.wav,1614.27,-4.18
LC_ARU21_20240703_062500.wav,1700.65,-4.16
LC_ARU21_20240703_062500.wav,1712.36,-4.27
LC_ARU21_20240703_062500.wav,1728.33,-4.07
LC_ARU21_20240703_062500.wav,1741.15,-3.98
LC_ARU21_20240703_062500.wav,1793.53,-4.26
LC_ARU20_20240707_062500.wav,540.4,-4.91
LC_ARU20_20240707_062500.wav,1099.35,-4.97
LC_ARU20_20240707_062500.wav,1250.93,-6
LC_ARU21_20240707_062500.wav,1070.37,-5.37
LC_ARU21_20240707_062500.wav,1110.49,-5.86
LC_ARU21_20240707_062500.wav,1128.14,-5.85
LC_ARU21_20240707_062500.wav,1135.76,-6.03
LC_ARU21_20240707_062500.wav,1186.1,-5.47
LC_ARU21_20240707_062500.wav,1272.85,-4.51
LC_ARU21_20240707_062500.wav,1316.32,-5.84
LC_ARU21_20240707_062500.wav,1343.07,-4.55
LC_ARU21_20240707_062500.wav,1619.29,-5.91
LC_ARU21_20240707_062500.wav,1680.22,-6.04
LC_ARU21_20240707_062500.wav,1718.3,-5.86
LC_ARU21_20240625_062500.wav,808.08,-6.03
LC_ARU21_20240625_062500.wav,1488.14,-5.19
LC_ARU23_20240625_062500.wav,703.68,-4.64
LC_ARU23_20240625_062500.wav,715.2,-4.7
LC_ARU23_20240625_062500.wav,759.97,-4.71
LC_ARU23_20240625_062500.wav,774.46,-4.62
LC_ARU23_20240625_062500.wav,789.87,-4.67
LC_ARU23_20240625_062500.wav,805.66,-4.63
LC_ARU23_20240625_062500.wav,840.77,-4.73
LC_ARU23_20240625_062500.wav,859.72,-4.75
LC_ARU23_20240625_062500.wav,881.82,-4.76
LC_ARU23_20240625_062500.wav,899.47,-4.81
LC_ARU23_20240625_062500.wav,913.77,-4.77
LC_ARU23_20240625_062500.wav,930.86,-4.84
LC_ARU23_20240625_062500.wav,953.34,-4.71
LC_ARU23_20240625_062500.wav,983.25,-4.86
LC_ARU23_20240625_062500.wav,1079.84,-4.94
LC_ARU23_20240625_062500.wav,1099.16,-4.92
LC_ARU23_20240625_062500.wav,1181.64,-5.01
LC_ARU23_20240625_062500.wav,1211.92,-5.07
LC_ARU23_20240625_062500.wav,1229.19,-4.79
LC_ARU23_20240625_062500.wav,1251.49,-4.77
LC_ARU23_20240625_062500.wav,1268.76,-4.8
LC_ARU23_20240625_062500.wav,1288.27,-4.95
LC_ARU23_20240625_062500.wav,1347.52,-4.79
LC_ARU23_20240625_062500.wav,1473.65,-5.2
LC_ARU23_20240625_062500.wav,1759.17,-5.26
LC_ARU23_20240625_062500.wav,1766.97,-5.12
LC_ARU23_20240625_062500.wav,1778.11,-4.98
LC_ARU23_20240629_062500.wav,1065.54,-5.92
LC_ARU23_20240707_062500.wav,922.51,-5.73
LC_ARU23_20240707_062500.wav,1074.46,-6.18
LC_ARU23_20240707_062500.wav,1104.18,-6.16
LC_ARU23_20240707_062500.wav,1216.19,-5.63
LC_ARU23_20240707_062500.wav,1360.71,-5.84
LC_ARU23_20240707_062500.wav,1649.01,-5.81
LC_ARU23_20240707_062500.wav,1791.12,-6
LC_ARU25_20240625_062500.wav,776.87,-4.9
LC_ARU25_20240625_062500.wav,791.55,-5.14
LC_ARU25_20240625_062500.wav,1023,-5.8
LC_ARU25_20240625_062500.wav,1400.47,-4.6
LC_ARU25_20240625_062500.wav,1518.05,-5.77
LC_ARU25_20240629_062500.wav,1370.93,-5.84
